Highway,Commemorative Name,Highway Location,Commemorating,State Statute,cleaned_name,input_type,odmp_url,odmp_name,odmp_bio,odmp_age,odmp_tour,odmp_badge,odmp_cause,odmp_end_of_watch,odmp_incident_details,odmp_fuzzy_score,wikidata_occupation,wikidata_race,wikidata_sex,wikidata_birth_date,wikidata_death_date,wikipedia_link,ai_summary,ai_education,ai_dob,ai_dod,ai_place_of_birth,ai_place_of_death,ai_gender,ai_involved_in_sports,ai_involved_in_politics,ai_involved_in_military,ai_involved_in_music
WIS 23,Blue Star Memorial Highway,Sheboygan County,To honor the armed forces of the United States and all individuals who have served or will serve,1993 Act 20,,,,,,,,,,,,,,,,,,,,,,,,,,,,,
WIS 59,Cinco de Mayo Memorial Highway,City of Milwaukee,In recognition of the day of celebration that commemorates Mexico's victory over a French army and contributions of Hispanics,1991 Act 39,,,,,,,,,,,,,,,,,,,,,,,,,,,,,
WIS 27,Citizen Soldier Highway,Between Brule and Prairie du Chien,"Tribute to Wisconsin veterans, National Guard, law enforcement, and firefighters",2003 Act 218,,,,,,,,,,,,,,,,,,,,,,,,,,,,,
WIS 27,Donald K. 'Deke' Slayton Memorial Highway,Between Sparta and Cashton,In honor of astronaut Deke Slayton,2001 Act 16,Donald K Deke Slayton,highway,,,,,,,,,,,,,,,,,,[],,,,,,,,,
WIS 33,84th Division 'Railsplitters' Memorial Highway,La Crosse to Port Washington,To honor the 84th Division members of WWI & WWII,1995 Act 297,,,,,,,,,,,,,,,,,,,,,,,,,,,,,
WIS 57,57th Field Artillery Brigade Memorial Highway,From Milwaukee to Sister Bay,To honor the Iron Brigade of the Wisconsin National Guard,2007 Act 163,,,,,,,,,,,,,,,,,,,,,,,,,,,,,
US 14,Frank Lloyd Wright Memorial Highway,From Richland Center to Madison,In recognition of Frank Lloyd Wright’s architectural accomplishments,1991 Act 27,Frank Lloyd Wright,highway,,,,,,,,,,,architect,,male,1867-06-08,1959-04-09,https://en.wikipedia.org/wiki/Frank_Lloyd_Wright,"Frank Lloyd Wright was an American architect born on June 8, 1867, and died on April 9, 1959. He is widely regarded as one of the greatest architects of the 20th century, pioneering the concept of 'organic architecture' and designing over 1,000 structures, including iconic works like Fallingwater and the Guggenheim Museum. Wright played a key role in the Prairie School movement and influenced modern architectural design globally. His innovative approach to integrating buildings with their natural surroundings left a lasting legacy in the field of architecture.","University of Wisconsin–Madison (1885–1887), no degree",1867-06-08,1959-04-09,"Richland Center, Wisconsin, United States","Phoenix, Arizona, United States",male,no,no,no,no
US 63,Gaylord Nelson Highway,Between Pierce and Bayfield counties,In recognition of Senator Gaylord Nelson,2009 Act 116,Gaylord Nelson,highway,,,,,,,,,,,politician,,male,1916-06-04,2005-07-03,https://en.wikipedia.org/wiki/Gaylord_Nelson,"Gaylord Nelson was an American politician and environmentalist born on June 4, 1916, in Clear Lake, Wisconsin. He served as a U.S. Senator from Wisconsin (1963–1981) and was the founder of Earth Day, first celebrated in 1970, which became a pivotal event in the modern environmental movement. Prior to his Senate career, he was the 35th Governor of Wisconsin (1959–1963) and a state legislator, advocating for progressive policies like conservation and civil rights. Nelson passed away on July 3, 2005, leaving a legacy as one of the most influential environmental leaders in U.S. history.","San Jose State University, Bachelor of Arts (1939), University of Wisconsin–Madison, Law Degree (1942)",1916-06-04,2005-07-03,"Clear Lake, Wisconsin, United States","Kensington, Maryland, United States",male,no,yes,yes,no
WIS 19,Georgia O’Keeffe Memorial Highway,From Sun Prairie to Marshall,In recognition of artist Georgia O’Keeffe,2005 Act 137,Georgia OKeeffe,highway,,,,,,,,,,,,,,,,,,[],,,,,,,,,
WIS 81,Governor Nelson Dewey Memorial Highway,From Cassville to Beetown,To commemorate the first governor of Wisconsin,1989 Act 76,Governor Nelson Dewey,highway,,,,,,,,,,,,,,,,,,[],,,,,,,,,
WIS 54,Green Bay Ethnic Trail,Illinois state line to Green Bay,To commemorate historical ethnic settlements,1993 Act 6,,,,,,,,,,,,,,,,,,,,,,,,,,,,,
US 12,Iron Brigade Memorial Highway,From Illinois state line to Minnesota state line,To honor Iron Brigade Union Army regiments,1993 Act 442,,,,,,,,,,,,,,,,,,,,,,,,,,,,,
I-43,Jeannetta Simpson-Robinson Memorial Highway,Between North Ave and Atkinson Ave interchanges in Milwaukee,In appreciation of Jeannetta Simpson‑Robinson’s community work,2009 Act 151,Jeannetta SimpsonRobinson,highway,,,,,,,,,,,,,,,,,,[],,,,,,,,,
WIS/I-794,John R. Plewa Memorial Lake Parkway,From Hoan Bridge to Layton Ave in Milwaukee County,In recognition of John R. Plewa’s public service,1999 Act 9,John R Plewa Memorial Lake,highway,,,,,,,,,,,,,,,,,,[],,,,,,,,,
US 51,Korean War Veterans Memorial Highway,From Illinois to Michigan state line,To honor all Wisconsin Korean War veterans,1987 Act 117,,,,,,,,,,,,,,,,,,,,,,,,,,,,,
WIS 50,Lee and Lynn Copen Memorial Highway,60th Ave to 70th Ave in Kenosha County,In recognition of Lee and Lynn Copen’s community contributions,2009 Act 193,Lee and Lynn Copen,highway,,,,,,,,,,,,,,,,,,[],,,,,,,,,
US 2,Major Richard I. Bong Memorial Highway,From Minnesota state line to Michigan state line,To honor Major Richard I. Bong’s WWII service,2003 Act 218,Major Richard I Bong,highway,,,,,,,,,,,,,,,,,,[],,,,,,,,,
WIS 173,173rd Airborne Brigade Highway,Between Monroe and Wood Counties,To honor 173rd Airborne Brigade service,2005 Act 238,,,,,,,,,,,,,,,,,,,,,,,,,,,,,
US 53,Peace Memorial Highway,From La Crosse to Superior,To honor citizens’ contributions to international peace,1989 Act 343,,,,,,,,,,,,,,,,,,,,,,,,,,,,,
WIS 66,Polish Heritage Highway,From Stevens Point to Rosholt,To commemorate Polish American contributions,1997 Act 27,,,,,,,,,,,,,,,,,,,,,,,,,,,,,
WIS 160,Polish Veterans Memorial Highway,From Angelica to Pulaski,To honor Polish veterans,1997 Act 27,,,,,,,,,,,,,,,,,,,,,,,,,,,,,
WIS 13,POW/MIA Memorial Highway,From Wisconsin Dells to Superior,In honor of prisoners of war and MIA service members,1993 Act 396,,,,,,,,,,,,,,,,,,,,,,,,,,,,,
US 14,Purple Heart Memorial Highway,From Richland Center to Minnesota state line,To honor Purple Heart recipients,1993 Act 347,Purple Heart,highway,,,,,,,,,,,,,,,,https://en.wikipedia.org/wiki/Purple_Heart,"The Purple Heart is a United States military decoration awarded to those wounded or killed while serving. Established as the Badge of Military Merit by George Washington in 1782, it was revived in 1932 to honor combat-injured service members. It is the oldest military award still given to U.S. military personnel today. The medal features a purple heart-shaped design with a profile of Washington and is presented with a citation signed by the President.",[],,,not found,not found,not found,no,no,yes,no
US 12,Stephen Ambrose Memorial Highway,From County P to County Line Road in Whitewater,In recognition of historian Stephen Ambrose,2009 Act 172,Stephen Ambrose,highway,,,,,,,,,,,coach,,male,1974-03-08,,https://en.wikipedia.org/wiki/Steve_Sarkisian,"Steve Sarkisian is an American football coach and former quarterback born on March 8, 1974. He played college football at Brigham Young University (BYU) and briefly in the Canadian Football League before transitioning to coaching. Sarkisian gained prominence as the head coach at the University of Washington (2009–2013) and later the University of Southern California (USC), as well as offensive coordinator roles in the NFL and college football. Known for his offensive strategies, he has contributed significantly to the development of quarterbacks and modern football tactics, currently serving as the head coach at the University of Texas since 2021.","El Camino College, Brigham Young University (BYU), Bachelor's Degree",1974-03-08,,"Torrance, California, United States",not found,male,yes,no,no,no
WIS 32,32nd Division Memorial Highway,Illinois to Michigan state line,To honor the 32nd Infantry Division,s. 84.104,,,,,,,,,,,,,,,,,,,,,,,,,,,,,
US 10,Vietnam War Veterans Memorial Highway,From Manitowoc to Minnesota state line,To honor Vietnam War veterans,1987 Act 117,,,,,,,,,,,,,,,,,,,,,,,,,,,,,
WIS 54,Wisconsin Firefighters and Emergency Medical Technicians Highway,From Algoma to Minnesota state line,To recognize firefighters and EMTs,2003 Act 218,,,,,,,,,,,,,,,,,,,,,,,,,,,,,
US 151,Wisconsin Law Enforcement Officers Highway,From Illinois state line to Manitowoc,To honor law enforcement officers,2003 Act 218,,,,,,,,,,,,,,,,,,,,,,,,,,,,,
I-90/94,Wisconsin Veterans Memorial Highway,From Illinois state line to Minnesota state line,In honor of all Wisconsin veterans,1987 Act 117,,,,,,,,,,,,,,,,,,,,,,,,,,,,,
WIS 29,World War I Veterans Memorial Highway,From Kewaunee to Minnesota state line,To honor WWI veterans,s. 84.103,,,,,,,,,,,,,,,,,,,,,,,,,,,,,
US 41,World War II Veterans Memorial Highway,Between Milwaukee and Marinette,To honor WWII veterans,1989 Act 343,,,,,,,,,,,,,,,,,,,,,,,,,,,,,
