OBJECTID,RTE_NM,RTE_PRFX,RTE_NBR,RDBD_TYPE,BEGIN_DFO,END_DFO,MEMORIAL_H,ASSET_CMNT,ASSET_NM,DES_TYPE,SYSTEM,Shape__Length,county
1,FM2526-KG,FM,2526,K,13.883,21.679,Sergeant Barbara Fenley Memorial Highway,STATE 225.217,Memorial Highway,STATE,ON,14863.2768446317,Eastland
2,US0290-KG,US,290,K,239.845,250.631,Trooper Russell Lynn Boyd Memorial Highway,STATE 225.217,Memorial Highway,STATE,ON,20057.3962280594,Gillespie
3,US0087-KG,US,87,K,465.405,484.337,Deputy Samuel Leonard Memorial Highway,STATE 225.217,Memorial Highway,STATE,ON,35670.0928849738,Tom Green
4,SH0019-KG,SH,19,K,53.967,54.415,Mildred McMillan Garrett Memorial Bridge,STATE 226.216,Memorial Highway,STATE,ON,863.729207408364,Trinity
5,IH0010-KG,IH,10,K,720.658,727.914,Trooper Mark Frederick Memorial Highway,STATE 225.223,Memorial Highway,STATE,ON,13446.4525039726,Hudspeth
6,FM0040-KG,FM,40,K,6.988,11.842,The Maines Brothers Band Highway,STATE 225.217,Memorial Highway,STATE,ON,9381.19830253059,Lubbock
7,US0377-KG,US,377,K,47.577,53.994,Trooper Hollis S. Lacy Memorial Highway,STATE 225.221,Memorial Highway,STATE,ON,12336.3519680908,Denton
8,SH0049-KG,SH,49,K,3.31,4.868,Titus County WWI Veterans Memorial Highway,STATE 225.217,Memorial Highway,STATE,ON,2997.42075365088,Titus
9,SH0144-KG,SH,144,K,8.161,14.075,Ed Shipman Memorial Highway,STATE 225.217,Memorial Highway,STATE,ON,11318.6142445064,Somervell
10,US0087-KG,US,87,K,515.96,520.114,Ranger Stanley K. Guffey Memorial Highway,STATE 225.218,Memorial Highway,STATE,ON,7834.05023179112,Tom Green
11,US0067-KG,US,67,K,0.0,4.477,Trooper Howard Jordan Memorial Highway,STATE 225.222,Memorial Highway,STATE,ON,8638.76253098697,Presidio
12,FM0517-KG,FM,517,K,0.0,9.38,Ken Clark Memorial Highway,STATE 225.217,Memorial Highway,STATE,ON,17354.1224810171,Galveston
13,IH0035-KG,IH,35,K,363.093,369.644,Trooper Milton Alexander Memorial Highway,STATE 225.219,Memorial Highway,STATE,ON,12471.4472739102,Bexar
14,BI0020E-KG,BI,20,K,1.544,9.87,Mac Wilson and Rex Young Medal of Honor Highway,STATE 225.217,Memorial Highway,STATE,ON,15781.9338298891,Ector
15,IH0010-KG,IH,10,K,720.653,727.914,Trooper William Kohlleppel III Memorial Highway,STATE 225.224,Memorial Highway,STATE,ON,16401.2337661101,Hudspeth
16,US0377-KG,US,377,K,55.651,61.548,Trooper Hollis S. Lacy Memorial Highway,STATE 225.221,Memorial Highway,STATE,ON,11366.2067882148,Denton
17,SH0225-KG,SH,225,K,15.4,15.7,Aaron M Hicks Memorial Interchange,STATE 225.216,Memorial Highway,STATE,ON,557.66814036238,Harris
18,SH0146-KG,SH,146,K,87.0,87.344,Aaron M Hicks Memorial Interchange,STATE 225.216,Memorial Highway,STATE,ON,639.889455938251,Harris
19,US0281-KG,US,281,K,489.063,490.085,Lt. General Marc Cisneros Highway,STATE 225.092,Memorial Highway,STATE,ON,1860.26265897269,Jim Wells
20,IH0035-KG,IH,35,K,267.493,271.482,Trooper Billy D. Howry Memorial Highway,STATE 225.225,Memorial Highway,STATE,ON,7496.11845678897,Bexar
21,IH0635-KG,IH,635,K,3.18,10.316,Officer Richard Houston II Memorial Highway,STATE 225.217,Memorial Highway,STATE,ON,13710.7746939635,Dallas
22,US0084-KG,US,84,K,627.991,630.045,"Lt. General O.R. """"Cotton"""" Whiddon Memorial Highway",STATE 225.217,Memorial Highway,STATE,ON,3903.52610558848,Freestone
23,IH0069-KG,IH,69,K,44.355,49.611,Deputy Sheriff Darren Almendarez Memorial Highway,STATE 225.218,Memorial Highway,STATE,ON,9791.33270173604,Harris
24,IH0002-KG,IH,2,K,9.159,14.184,Trooper Ernesto Alanis Memorial Highway,STATE 225.220,Memorial Highway,STATE,ON,9012.96720926567,Hidalgo
25,FM0765-KG,FM,765,K,17.551,48.684,Sergeant Stephen Jones Memorial Highway,STATE 225.216,Memorial Highway,STATE,ON,58659.3458218018,Concho
26,IH0035-KG,IH,35,K,249.935,256.808,Officer Charles Whites Memorial Highway,STATE 225.217,Memorial Highway,STATE,ON,12892.0574697599,Bexar
27,FM2348-KG,FM,2348,K,0.991,1.083,Army Staff Sgt Clay Allen Craig Memorial Bridge,STATE 225.217,Memorial Highway,STATE,ON,176.826054561786,Titus
28,US0380-KG,US,380,K,307.808,339.758,Lost Battalion Memorial Highway,STATE 225.217,Memorial Highway,STATE,ON,61520.8281432696,Wise
29,FM1960-KG,FM,1960,K,26.776,37.21,Deputy Constable Omar Ursin Memorial Highway,STATE 225.216,Memorial Highway,STATE,ON,19387.2759476488,Harris
30,BI0020J-KG,BI,20,K,1.845,4.633,"James """"Jim"""" Baum Memorial Highway",STATE 225.190,Memorial Highway,STATE,ON,5319.70415700983,Mitchell
31,SH0276-KG,SH,276,K,27.247,29.193,Staff Sergeant Shawn Henry McNabb Memorial Bridge,STATE 225.190,Memorial Highway,STATE,ON,3733.07095743426,Hunt
32,SH0066-KG,SH,66,K,6.824,20.293,Commissioner David Magness Memorial Highway,STATE 225.190,Memorial Highway,STATE,ON,25870.6781947431,Rockwall
33,SL0256-KG,SL,256,K,0.0,10.61,Bascom W. Bentley III Memorial Loop,STATE 225.190,Memorial Highway,STATE,ON,20153.6393537363,Anderson
34,US0080-KG,US,80,K,118.648,120.839,Trooper Timothy Wade McDermott Memorial Highway,STATE 225.197,Memorial Highway,STATE,ON,4185.32108668062,Harrison
35,IH0010-KG,IH,10,K,362.261,367.251,Corporal Willie Dale Taylor Memorial Highway,STATE 225.193,Memorial Highway,STATE,ON,9353.4721890212,Hudspeth
36,US0077-KG,US,77,K,360.029,418.044,"Second Lt. Lloyd """"Pete"""" Hughes Medal of Honor MH",SYATE 225.190,Memorial Highway,STATE,ON,106205.787086756,Kenedy
37,IH0020-KG,IH,20,K,569.519,573.522,Trooper Daniel Higdon Memorial Highway,STATE 225.200,Memorial Highway,STATE,ON,7642.24233571431,Howard
38,IH0010-KG,IH,10,K,149.638,154.643,U.S. Border Patrol Agent Rogelio Martinez Mem Hwy,STATE 225.190,Memorial Highway,STATE,ON,9413.66621643213,Hudspeth
39,IH0035-KG,IH,35,K,339.965,349.946,Trooper Richard Dale Cottle Memorial Highway,STATE 225.196,Memorial Highway,STATE,ON,18993.0129215064,Bexar
40,SL0375-KG,SL,375,K,29.186,32.338,Trooper Javier Arana Jr. Memorial Highway,STATE 225.194,Memorial Highway,STATE,ON,5983.35181871504,El Paso
41,FM1479-KG,FM,1479,K,0.0,9.213,Bobby Morrow Memorial Highway,STATE 225.190,Memorial Highway,STATE,ON,16544.1109636742,Cameron
42,SH0114-KG,SH,114,K,332.197,333.749,Sergeant Randy D. White Memorial Highway,STATE 225.190,Memorial Highway,STATE,ON,2990.35177013359,Wise
43,IH0020-KG,IH,20,K,172.559,190.526,Trooper Troy Hogue Memorial Highway,STATE 225.192,Memorial Highway,STATE,ON,34255.5177244241,Howard
44,SH0164-KG,SH,164,K,27.378,32.731,Trooper Chad M. Walker Memorial Highway,STATE 225.190,Memorial Highway,STATE,ON,10119.5071248004,Limestone
45,US0090-KG,US,90,K,438.147,439.747,SGT William Kuhnle Jr. and TRP Ralph G. Zerda MH,STATE 225.195,Memorial Highway,STATE,ON,2955.06330788989,Terrell
46,BU0083S-KG,BU,83,K,0.0,45.885,Purple Heart Trail,STATE 225.0225,Memorial Highway,STATE,ON,82129.5220496553,Hidalgo
47,FM1774-KG,FM,1774,K,30.315,30.599,Trooper Mark Jeffrey Phebus Memorial Highway,STATE 225.198,Memorial Highway,STATE,ON,527.035668927392,Montgomery
48,SH0358-KG,SH,358,K,0.0,16.867,Peace Officers Memorial Highway,STATE 225.100,Memorial Highway,STATE,ON,30716.5310245529,Nueces
49,US0054-KG,US,54,K,1.177,19.866,Korean War Veterans Memorial Highway,STATE 225.190,Memorial Highway,STATE,ON,35590.3031866597,El Paso
50,SH0100-KG,SH,100,K,8.957,15.297,Trooper David Irvine Rucker Memorial Highway,STATE 225.199,Memorial Highway,STATE,ON,11344.3851049112,Cameron
51,SH0003-KG,SH,3,K,18.261,20.665,Sergeant Andrew James Creighton Memorial Highway,STATE 225.190,Memorial Highway,STATE,ON,4459.41496606157,Harris
52,FM0570-KG,FM,570,K,0.0,2.508,Deputy Kenneth Maltby Memorial Highway,STATE 225.190,Memorial Highway,STATE,ON,4787.18924569565,Eastland
53,SH0242-KG,SH,242,K,15.142,21.645,Sergeant Stacey Baumgartner Memorial Highway,STATE 225.190,Memorial Highway,STATE,ON,12140.2676802871,Montgomery
54,SH0195-KG,SH,195,K,0.0,34.692,Purple Heart Trail,STATE 225.0225,Memorial Highway,STATE,ON,65254.4442988434,Williamson
55,SL0121-KG,SL,121,K,2.805,4.882,Deputy Sheriff John Rhoden Memorial Highway,STATE 225.190,Memorial Highway,STATE,ON,3915.78386037489,Bell
56,SH0173-KG,SH,173,K,24.674,31.863,Master Sergeant Rodney Lee Buentello MH,STATE 225.190,Memorial Highway,STATE,ON,13386.8121044535,Medina
57,SH0003-KG,SH,3,K,0.0,5.445,Vanessa Guillen Memorial Highway,STATE 225.190,Memorial Highway,STATE,ON,10116.2080840133,Harris
58,SH0198-KG,SH,198,K,20.906,37.589,Dep SO Tony Ogburn & Dep SO Paul Habelt Mem Hwy,STATE 225.190,Memorial Highway,STATE,ON,31897.3692271001,Henderson
59,IH0069C-KG,IH,69,K,3.964,9.436,Trooper Moises Sanchez Memorial Highway,STATE 225.191,Memorial Highway,STATE,ON,9848.80326279612,Hidalgo
60,SH0031-KG,SH,31,K,41.281,53.061,Navarro County Vietnam Memorial Loop,STATE 225.190,Memorial Highway,STATE,ON,22388.0328554809,Gregg
61,US0084-KG,US,84,K,443.582,445.161,Waco Police Sgt. Bobby Vicha Memorial,STATE 225.152,Memorial Highway,STATE 225.152,On,2987.50568727269,Freestone
62,IH0045-KG,IH,45,K,72.678,79.486,George P. Mitchell Memorial Highway,STATE 225.152,Memorial Highway,STATE 225.152,On,12744.1799085342,Leon
63,US0067-KG,US,67,K,59.136,60.398,Titus County World War II Veterans Memorial Hwy,STATE 225.152,Memorial Highway,STATE 225.152,On,2429.86033598506,Presidio
64,US0059-KG,US,59,K,163.835,164.603,Bataan and Corregidor Veterans Memorial Highway,STATE 225.152,Memorial Highway,STATE 225.152,On,1453.509602441,Webb
65,SH0071-KG,SH,71,K,131.818,137.917,Trooper Carlos Ray Warren Memorial Highway,STATE 225.152,Memorial Highway,STATE 225.152,On,11377.7313432289,Fayette
66,SH0071-KG,SH,71,K,248.075,263.484,Game Warden Justin Hurst Memorial Highway,STATE 225.1451,Memorial Highway,STATE 225.1451,On,28527.3312860541,Fayette
67,FM2644-KG,FM,2644,K,0.0,27.15,Border Patrol Agent Tyler R Robledo Memorial Hwy,LOCAL,Memorial Highway,LOCAL,On,49746.228871894,Dimmit
68,RM2900-KG,RM,2900,K,0.986,1.219,The Enloe Memorial Bridge,LOCAL,Memorial Highway,LOCAL,On,438.584815072237,Llano
69,FM1360-KG,FM,1360,K,0.0,1.114,PFC Angel Vega Memorial Highway,LOCAL,Memorial Highway,LOCAL,On,2038.33522289222,Refugio
70,US0062-KG,US,62,K,151.529,154.698,Dell Ross Claiborne Memorial Highway,STATE 225.152,Memorial Highway,STATE 225.152,On,6081.03674653246,Gaines
71,SH0006-KG,SH,6,K,64.476,64.644,Corporal David Anthony Gentry Memorial Bridge,STATE 225.152,Memorial Highway,STATE 225.152,On,325.784525893217,Eastland
72,RM0150-KG,RM,150,K,0.0,12.126,William B. Travis Heritage Trail,STATE 225.152,Memorial Highway,STATE 225.152,On,22656.3696749539,Hays
73,SH0007-KG,SH,7,K,152.731,163.676,Bataan and Corregidor Veterans Memorial Highway,STATE 225.152,Memorial Highway,STATE 225.152,On,20732.2906030642,Houston
74,US0281-KG,US,281,K,519.038,522.182,CORPORAL ROEL GARCIA MEMORIAL HIGHWAY,STATE 225.152,Memorial Highway,STATE 225.152,On,5701.58783883113,Jim Wells
75,SH0007-KG,SH,7,K,164.443,182.584,Bataan and Corregidor Veterans Memorial Highway,STATE 225.152,Memorial Highway,STATE 225.152,On,34347.4189223679,Houston
76,FM1570-KG,FM,1570,K,4.967,7.663,JOHN L. HORN MEMORIAL PARKWAY,STATE 225.152,Memorial Highway,STATE 225.152,On,5185.06156264361,Hunt
77,US0259-KG,US,259,K,143.272,154.615,Dep Sheriff Raymond Bradley Jimmerson Memorial Hwy,STATE 225.152,Memorial Highway,STATE 225.152,On,21596.3282192506,Nacogdoches
78,US0377-KG,US,377,K,336.074,351.235,Governor Coke R. Stevenson Memorial Highway,STATE 225.152,Memorial Highway,STATE 225.152,On,28406.589717153,Denton
79,US0290-KG,US,290,K,86.185,98.418,John Allen McCarty Memorial Highway,LOCAL,Memorial Highway,LOCAL,On,22814.6156115375,Gillespie
80,FM0734-KG,FM,734,K,10.782,11.607,Master Sergeant Jonathan J. Dunbar Memorial Pkwy,STATE 225.152,Memorial Highway,STATE 225.152,On,1542.96190122752,Travis
81,SS1570-KG,SS,1570,K,0.0,1.862,JOHN L. HORN MEMORIAL PARKWAY,STATE 225.152,Memorial Highway,STATE 225.152,On,3595.68757745797,Hunt
82,FM0041-KG,FM,41,K,0.0,22.122,David Nelson Memorial Highway,STATE 225.152,Memorial Highway,STATE 225.152,On,42672.9167147981,Hockley
83,SL0463-KG,SL,463,K,0.018,4.491,Martin Luther King Jr Memorial Highway,LOCAL,Memorial Highway,LOCAL,On,8228.14456401632,Victoria
84,US0084-KG,US,84,K,82.916,88.017,Trooper Jerry Don Davis Memorial Highway,STATE 225.152,Memorial Highway,STATE 225.152,On,9866.81574788366,Freestone
85,IH0035-KG,IH,35,K,293.228,296.112,TROOPER TOM NIPPER MEMORIAL HIGHWAY,STATE 225.152,Memorial Highway,STATE 225.152,On,5435.29856305858,Bexar
86,US0183-KG,US,183,K,321.626,321.655,Lisa Simone Jones Memorial Overpass,LOCAL,Memorial Highway,LOCAL,On,54.2441694500981,Travis
87,US0084-KG,US,84,K,339.298,341.158,William Karl Keesee Memorial Highway,LOCAL,Memorial Highway,LOCAL,On,3526.09723251519,Freestone
88,US0079-KG,US,79,K,263.431,266.499,Sgt. Chris Kelley Memorial Highway,STATE 225.152,Memorial Highway,STATE 225.152,On,5728.60320619447,Williamson
89,US0062-KG,US,62,K,161.383,169.562,"Irvin """"Butch"""" Hill Memorial Highway",STATE 225.152,Memorial Highway,STATE 225.152,On,15735.3767048382,Gaines
90,IH0014-KG,IH,14,K,277.499,302.335,FIRST CAVALRY DIVISION VETERANS HIGHWAY,STATE 225.152,Memorial Highway,STATE 225.152,On,46760.1967922518,Bell
91,US0084-KG,US,84,K,475.975,517.262,Trooper Damon Allen Memorial Highway,STATE 225.152 HB 693,Memorial Highway,STATE 225.152 HB 693,On,78246.1838114896,Freestone
92,US0271-KG,US,271,K,60.401,61.313,Titus County Korean War Veterans Memorial Highway,STATE 225.152,Memorial Highway,STATE 225.152,On,1761.71650813212,Lamar
93,SH0021-KG,SH,21,K,235.961,245.254,Sergeant Tom Sitton Memorial Highway,STATE 225.152,Memorial Highway,STATE 225.152,On,17602.416187033,Nacogdoches
94,FM1774-KG,FM,1774,K,26.495,26.792,Mink Prairie Crossing,LOCAL,Memorial Highway,LOCAL,On,552.872217381423,Montgomery
95,US0180-KG,US,180,K,0.0,0.31,Bob Ford Memorial Highway,STATE 225.152,Memorial Highway,STATE 225.152,On,593.647024638413,Shackelford
96,US0087-KG,US,87,K,75.371,114.084,Honorable Teel Bivins Memorial Highway,STATE 225.152,Memorial Highway,STATE 225.152,On,76836.9425584299,Tom Green
97,SH0021-KG,SH,21,K,1.105,5.448,PFC Kristian Menchaca Memorial Hwy,LOCAL,Memorial Highway,LOCAL,On,8087.34265484198,Nacogdoches
98,US0287-KG,US,287,K,34.702,48.052,Honorable Teel Bivins Memorial Highway,STATE 225.152,Memorial Highway,STATE 225.152,On,26579.836167951,Ellis
99,SL0322-KG,SL,322,K,0.0,7.171,OFFICER RODNEY T. HOLDER MEMORIAL HIGHWAY,STATE 225.152,Memorial Highway,STATE 225.152,On,13723.7834751335,Taylor
100,SL0338-KG,SL,338,K,22.46,24.056,Ray C Stoker Jr Memorial Highway,LOCAL,Memorial Highway,LOCAL,On,3042.30159342854,Ector
101,US0062-KG,US,62,K,144.366,153.141,Bob Ford Memorial Highway,STATE 225.152,Memorial Highway,STATE 225.152,On,16801.6543015381,Gaines
102,SL0111-KG,SL,111,K,0.0,2.161,Richard Overton Memorial Highway,STATE 225.152,Memorial Highway,STATE 225.152,On,4049.87047467236,Travis
103,BS0006R-KG,BS,6,K,7.167,11.088,Carolyn and John David Crow Memorial Parkway,STATE 225.152,Memorial Highway,STATE 225.152,On,7358.61444088496,Brazos
104,IH0069-KG,IH,69,K,37.165,39.95,Commissioner El Franco Lee Memorial Highway,STATE 225.152,Memorial Highway,STATE 225.152,On,5194.40880019783,Harris
105,US0190-KG,US,190,K,491.859,497.301,PFC Stuart W Moore Memorial Highway,LOCAL,Memorial Highway,LOCAL,On,10224.4582542308,Milam
106,US0059-KG,US,59,K,141.518,143.357,Constable Darrell Lunsford Memorial Highway,STATE 225.152,Memorial Highway,STATE 225.152,On,3492.08095590411,Webb
107,SL0020-KG,SL,20,K,10.897,20.116,Lance Corporal Rodrigo Rodriguez Memorial Highway,LOCAL,Memorial Highway,LOCAL,On,16789.5803161837,Webb
108,SH0031-KG,SH,31,K,148.241,154.647,Veterans Memorial Highway,LOCAL,Memorial Highway,LOCAL,On,12258.989916183,Gregg
109,US0075-KG,US,75,K,59.511,64.752,Officer David Sherrard Memorial Highway,STATE 225.152,Memorial Highway,STATE 225.152,On,10094.4974126929,Collin
110,SH0288-KG,SH,288,K,1.196,10.595,BARBARA JORDAN MEMORIAL PARKWAY,STATE 225.152,Memorial Highway,STATE 225.152,On,17505.6768424751,Brazoria
111,US0277-KG,US,277,K,191.505,203.763,Gold Star Families Memorial Highway,LOCAL,Memorial Highway,LOCAL,On,23376.0233571095,Val Verde
112,FM0136-KG,FM,136,K,0.0,0.988,Sergeant Hermando S. Moya Memorial Highway,LOCAL,Memorial Highway,LOCAL,On,1805.12977997181,Refugio
113,FM0716-KG,FM,716,K,9.376,17.822,Pete Salinas Trail,STATE 225.152,Memorial Highway,STATE 225.152,On,15298.7419016461,Duval
114,FM1570-KG,FM,1570,K,7.765,10.942,JOHN L. HORN MEMORIAL PARKWAY,STATE 225.152,Memorial Highway,STATE 225.152,On,6131.84664713914,Hunt
115,SH0099-KG,SH,99,K,171.263,182.071,Deputy Sheriff Shane Detwiler Memorial Highway,225.152,Memorial Highway,225.152,On,20137.1031515197,Harris
116,US0087-CN,US,87,CN,0.313,0.419,Mark Bolte Bridge,LOCAL,Memorial Highway,LOCAL,On,208.540484008989,Hartley
117,SH0155-KG,SH,155,KG,78.75,123.078,Blue Star Memorial Highways,Assigned by Minute Order,Memorial Highway,Other,On,84578.4892591677,Upshur
118,FM0723-KG,FM,723,KG,9.306,9.469,John M Arrendondo Bridge,Local,Memorial Highway,Local,On,301.831949211643,Fort Bend
119,FM0943-KG,FM,943,KG,8.438,9.246,Gean Hulin Roadway,Local,Memorial Highway,Local,On,1515.27281171253,Polk
120,FM1810-KG,FM,1810,KG,0.0,8.071,Luther G Prunty Memorial Highway,225.---,Memorial Highway,State,On,15557.3554747849,Jack
121,FM0417-KG,FM,417,KG,8.051,19.326,Elmo Green Historical Drive,Local,Memorial Highway,Local,On,21406.2211655379,Shelby
122,FM0219-KG,FM,219,KG,65.07,82.467,Cleng Peerson Memorial Highway,Local,Memorial Highway,Local,On,33014.0472704279,Bosque
123,FM4000-KG,FM,4000,KG,0.886,5.027,Titus County Vietnam Veterans Memorial Highway,225.---,Memorial Highway,State,On,7964.69804373979,Titus
124,US0190-KG,US,190,KG,308.163,340.173,Port to Plains Highway,"H. C. R.# 157, 5/7/85",Memorial Highway,Other,On,60251.530494423,Milam
125,SH0155-KG,SH,155,KG,41.64,55.023,Blue Star Memorial Highways,Assigned by Minute Order,Memorial Highway,Other,On,25658.1357652636,Upshur
126,FM2818-KG,FM,2818,KG,0.0,15.489,Harvey Mitchell Pkwy,Local,Memorial Highway,Local,On,29091.7734146788,Brazos
127,FM0055-KG,FM,55,KG,13.729,13.775,Phyllis and Daren Worsham Memorial Bridge,Local,Memorial Highway,Local,On,87.8967616823669,Ellis
128,FM1187-KG,FM,1187,KG,0.04,0.122,Hunter Chase Corzine Memorial Bridge,Local,Memorial Highway,Local,On,157.725005026247,Parker
129,BU0287F-KG,BU,287,KG,0.005,5.513,Martin Luther King Jr Memorial Highway,Local,Memorial Highway,Local,On,10717.6227249738,Wilbarger
130,IH0014-KG,IH,14,KG,283.029,302.331,Port to Plains Highway,"H. C. R.# 157, 5/7/85",Memorial Highway,Other,On,36340.566275164,Bell
131,SH0155-KG,SH,155,KG,55.883,68.434,Blue Star Memorial Highways,Assigned by Minute Order,Memorial Highway,Other,On,24062.2192116212,Upshur
132,FM1863-KG,FM,1863,KG,2.961,3.037,Warren Alston Bridge,Local,Memorial Highway,Local,On,141.029255177094,Comal
133,FM0465-KG,FM,465,KG,0.0,0.567,Cleburne Hild Memorial Highway,Local,Memorial Highway,Local,On,1055.0343630856,Guadalupe
134,FM1135-KG,FM,1135,KG,0.0,4.061,Kishi Road,Local,Memorial Highway,Local,On,7599.6054355976,Orange
135,US0190-KG,US,190,KG,255.923,277.497,Port to Plains Highway,"H. C. R.# 157, 5/7/85",Memorial Highway,Other,On,40622.4107222919,Milam
136,SH0155-KG,SH,155,KG,0.0,40.146,Blue Star Memorial Highways,Assigned by Minute Order,Memorial Highway,Other,On,77079.9537481502,Upshur
137,FM0306-KG,FM,306,KG,23.946,31.553,Jan Kennady Memorial Highway,Local,Memorial Highway,Local,On,14175.3049335165,Comal
138,FM0510-KG,FM,510,KG,20.332,22.245,Purple Heart Trail,Local,Memorial Highway,Local,On,3430.10408932659,Cameron
139,FM0417-KG,FM,417,KG,0.0,7.88,Elmo Green Historical Drive,Local,Memorial Highway,Local,On,14960.6061370144,Shelby
140,FM0219-KG,FM,219,KG,84.321,93.496,Cleng Peerson Memorial Highway,Local,Memorial Highway,Local,On,17437.237292114,Bosque
141,IH0014-KG,IH,14,KG,277.499,282.8,Port to Plains Highway,"H. C. R.# 157, 5/7/85",Memorial Highway,Other,On,9980.13225884954,Bell
142,US0077-KG,US,77,KG,428.068,518.282,Purple Heart Trail,225.0225,Memorial Highway,State,On,163826.054502275,Kenedy
143,FM0068-KG,FM,68,KG,0.0,9.044,Speaker Jimmy Turman Road,225.061 STATE,Memorial Highway,State,On,17479.0180188347,Fannin
144,FM2610-KG,FM,2610,KG,0.0,8.053,Lance Corporal Richard A. Anderson Highway,Local,Memorial Highway,Local,On,15123.3650630533,Polk
145,FM1488-KG,FM,1488,KG,26.769,26.928,Butler's Crossing,Local,Memorial Highway,Local,On,296.524712237154,Montgomery
146,BS0071E-KG,BS,71,KG,0.17,3.843,Veterans Memorial Highway,Local,Memorial Highway,Local,On,6832.09146451365,Fayette
147,FM2369-KG,FM,2369,KG,0.0,3.028,Dunbar Lane,Local,Memorial Highway,Local,On,5612.43466428855,Uvalde
148,SH0183-KG,SH,183,KG,32.297,42.87,Airport Freeway,H. B. 723,Memorial Highway,Other,On,20273.4227369848,Dallas
149,SH0006-KG,SH,6,KG,402.303,410.619,Earl Rudder Freeway,Local,Memorial Highway,Local,On,15630.3203884973,Eastland
150,SH0322-KG,SH,322,KG,2.451,4.307,Gardiner Mitchell Parkway,Local,Memorial Highway,Local,On,3553.74719274281,Gregg
151,SH0019-KG,SH,19,KG,213.445,213.972,Veterans of Foreign Wars Memorial Bridge,Local,Memorial Highway,Local,On,992.827014413125,Trinity
152,SH0036-KG,SH,36,KG,168.726,169.452,James Cowan Memorial Bridge,Local,Memorial Highway,Local,On,1369.17262817098,Comanche
153,SH0046-KG,SH,46,KG,12.268,55.973,Representative Edmund Kuempel Memorial Hwy,Local,Memorial Highway,Local,On,81206.0635451273,Comal
154,SH0114-KG,SH,114,KG,329.224,330.772,Blue Star Memorial Highways,Local,Memorial Highway,Local,On,2988.60268274042,Wise
155,SH0097-KG,SH,97,KG,154.817,155.138,Immortal 32 Memorial Highway,Local,Memorial Highway,Local,On,596.830221483747,Gonzales
156,SH0087-KG,SH,87,KG,225.169,252.263,Jane Long Memorial Highway,Local,Memorial Highway,Local,On,50188.7972811677,Galveston
157,SH0073-KG,SH,73,KG,0.0,21.491,David E Bernsen Highway,Local,Memorial Highway,Local,On,39928.391985348,Jefferson
158,SH0056-KG,SH,56,KG,42.327,52.359,James E Taylor Memorial Highway,Local,Memorial Highway,Local,On,19386.1584582915,Fannin
159,SH0073-KG,SH,73,KG,30.34,42.017,David E Bernsen Highway,Local,Memorial Highway,Local,On,21780.8880823263,Jefferson
160,SH0073-KG,SH,73,KG,21.494,30.337,H O Mills Highway,Local,Memorial Highway,Local,On,16461.4753679553,Jefferson
161,SH0011-KG,SH,11,KG,29.528,31.511,Deputy Rahamy Mitchell Memorial Hwy,Local,Memorial Highway,Local,On,3831.71377122212,Grayson
162,SH0099-KG,SH,99,KG,61.309,132.68,Mayor Bob Lanier Memorial Parkway,Local,Memorial Highway,Local,On,133028.226463528,Harris
163,SH0011-KG,SH,11,KG,9.689,12.207,Lucy Williams Memorial Highway,Local,Memorial Highway,Local,On,4867.42429780886,Grayson
164,SH0034-KG,SH,34,KG,97.371,97.53,SSG Robert E Cochran Memorial Bridge,Local,Memorial Highway,Local,On,304.366548165077,Ellis
165,SL0375-KG,SL,375,KG,1.022,25.284,Company E Memorial Highway,Local,Memorial Highway,Local,On,46111.8293920415,El Paso
166,SH0158-KG,SH,158,KG,156.386,156.453,Coke County Veterans Memorial Highway,Local,Memorial Highway,Local,On,127.105241662562,Glasscock
167,SH0349-KG,SH,349,KG,96.779,126.144,Deputy Billy Frank Kennedy Jr Memorial Highway,Local,Memorial Highway,Local,On,55724.3140230703,Midland
168,SH0349-KG,SH,349,KG,74.753,96.711,Nadine and Tom Craddick Highway,Local,Memorial Highway,Local,On,41824.8964661566,Midland
169,SH0022-KG,SH,22,KG,70.753,73.406,Dr Martin Luther King Jr Memorial Highway,Local,Memorial Highway,Local,On,5041.05898392418,Hill
170,SH0121-KG,SH,121,KG,4.635,21.51,Sam Rayburn Memorial Highway,Local,Memorial Highway,Local,On,32655.2524947839,Fannin
171,SH0024-KG,SH,24,KG,23.568,32.901,Flying Tiger Memorial Highway,Local,Memorial Highway,Local,On,18012.8800725759,Hunt
172,SH0121-KG,SH,121,KG,0.0,4.11,Sam Rayburn Memorial Highway,Local,Memorial Highway,Local,On,7974.94077258018,Fannin
173,RM0584-KG,RM,584,KG,4.972,5.461,Veterans Memorial Bridge,Local,Memorial Highway,Local,On,927.14010174128,Tom Green
174,IH0045-KG,IH,45,KG,87.751,87.802,Veterans Memorial Bridge,Local,Memorial Highway,Local,On,95.6280663677441,Leon
175,IH0045-KG,IH,45,KG,111.697,118.639,W T Robinson Memorial Highway,Local,Memorial Highway,Local,On,13041.5133583867,Leon
176,IH0020-KG,IH,20,KG,120.702,120.736,George E. ¿Buddy¿ West Memorial Overpass,Local,Memorial Highway,Local,On,64.5630857203853,Howard
177,SL0360-KG,SL,360,KG,0.017,13.956,Capital of Texas Highway,Local,Memorial Highway,Local,On,26102.4968155431,Travis
178,IH0044-KG,IH,44,KG,0.0,0.251,Lloyd Ruby Overpass,Local,Memorial Highway,Local,On,488.25948908922,Wichita
179,IH0010-KG,IH,10,KG,604.745,614.197,Juan N Seguin Memorial Highway,Local,Memorial Highway,Local,On,17523.746769092,Hudspeth
180,IH0010-KG,IH,10,KG,853.836,854.664,Purple Heart Memorial Bridge,Local,Memorial Highway,Local,On,1541.62177466148,Hudspeth
181,IH0045-KG,IH,45,KG,5.054,7.041,John M. O¿Quinn Scenic Estuarial Corridor,Local,Memorial Highway,Local,On,3683.39832200033,Leon
182,IH0035-KG,IH,35,KG,234.698,234.724,JJ Seabrook Bridge,Local,Memorial Highway,Local,On,48.6953449176587,Bexar
183,IH0030-KG,IH,30,KG,219.165,219.347,H Ross Perot Bridge,Local,Memorial Highway,Local,On,351.221800766166,Tarrant
184,IH0037-KG,IH,37,KG,139.879,143.004,SSGT William J Bordelon Freeway,Local,Memorial Highway,Local,On,5802.50817804443,Atascosa
185,IH0010-KG,IH,10,KG,761.797,774.191,Jefferson Davis National Highway,Minute Order,Memorial Highway,Other,On,23013.0999530265,Hudspeth
186,IH0010-KG,IH,10,KG,523.693,568.934,Veterans of Foreign Wars Memorial Highway,Minute Order,Memorial Highway,Other,On,84216.3669438822,Hudspeth
187,IH0010-KG,IH,10,KG,571.772,879.499,Veterans of Foreign Wars Memorial Highway,Minute Order,Memorial Highway,Other,On,571352.46443183,Hudspeth
188,FM3188-KG,FM,3188,KG,0.0,4.79,Blue Star Memorial Highways,Minute Order,Memorial Highway,Other,On,9013.16243045843,Trinity
189,264561,FC,264561,KG,0.0,1.969,Jefferson Davis National Highway,Minute Order,Memorial Highway,Other,Off,3668.35851576147,Jefferson
190,264561,FC,264561,KG,2.386,2.561,Jefferson Davis National Highway,Minute Order,Memorial Highway,Other,Off,326.577550319102,Jefferson
191,SH0036-KG,SH,36,KG,335.081,392.476,36th Division Memorial Highway,Minute Order,Memorial Highway,Other,On,106236.902910289,Comanche
192,BU0087M-KG,BU,87,KG,0.0,5.438,Veterans of Foreign Wars Memorial Highway,Minute Order,Memorial Highway,Other,On,10398.7694805105,Howard
193,IH0027-KG,IH,27,KG,0.108,124.144,Veterans of Foreign Wars Memorial Highway,Minute Order,Memorial Highway,Other,On,242694.801423044,Hale
194,BU0287P-KG,BU,287,KG,0.0,16.549,Blue Star Memorial Highways,Minute Order,Memorial Highway,Other,On,31853.7511776397,Tarrant
195,IH0035-KG,IH,35,KG,0.004,369.999,Blue Star Memorial Highways,Minute Order,Memorial Highway,Other,On,689414.319070214,Bexar
196,US0060-KG,US,60,KG,0.0,78.867,Woody Guthrie Memorial Highway,Local,Memorial Highway,Local,On,154534.314732768,Parmer
197,US0082-KG,US,82,KG,452.588,468.384,Trooper Jeffrey Nichols Memorial Highway,Local,Memorial Highway,Local,On,30554.2335954848,Lamar
198,US0060-KG,US,60,KG,94.334,223.794,Woody Guthrie Memorial Highway,Local,Memorial Highway,Local,On,256117.337506237,Parmer
199,US0281-KG,US,281,KG,324.864,332.234,Walter W McAllister Sr Freeway,Local,Memorial Highway,Local,On,13698.6110617738,Jim Wells
200,SH0036-KG,SH,36,KG,226.041,274.3,36th Division Memorial Highway,Minute Order,Memorial Highway,Other,On,90471.5385259229,Comanche
201,US0077-KG,US,77,KG,235.811,238.796,Dr Martin Luther King Jr Highway,Local,Memorial Highway,Local,On,5584.80077289354,Kenedy
202,US0077-KG,US,77,KG,190.567,201.955,Army Master SGT Charles L Price III MemH,Local,Memorial Highway,Local,On,21432.5335204013,Kenedy
203,SH0021-KG,SH,21,KG,161.901,188.059,Memorial to Daughters & Sons of the Rep. of Texas,Minute Order,Memorial Highway,Other,On,49407.3060005744,Nacogdoches
204,US0377-KG,US,377,KG,217.874,218.507,Lance Corporal Mario A. Castillo MH,Local,Memorial Highway,Local,On,1202.47089251473,Denton
205,IH0035W-KG,IH,35,KG,0.0,51.951,Blue Star Memorial Highways,Minute Order,Memorial Highway,Other,On,99540.740604764,Tarrant
206,US0290-KG,US,290,KG,144.987,145.069,Police Chief James M Mumford Memorial Bridge,Local,Memorial Highway,Local,On,154.110278094261,Gillespie
207,US0290-KG,US,290,KG,207.784,207.785,Odis Tomachefsky Memorial Highway,Local,Memorial Highway,Local,On,,Gillespie
208,US0290-KG,US,290,KG,207.81,212.238,Odis Tomachefsky Memorial Highway,Local,Memorial Highway,Local,On,8261.14444630975,Gillespie
209,US0059-KG,US,59,KG,261.743,261.825,Deputy Jessie Earl McFarland Bridge,Local,Memorial Highway,Local,On,153.495796040475,Webb
210,US0067-KG,US,67,KG,527.886,555.994,Trooper Sammy Long Memorial Hwy,Local,Memorial Highway,Local,On,52973.376659103,Presidio
211,SH0178-KG,SH,178,KG,0.0,3.042,Veterans of Foreign Wars Memorial Highway,Minute Order,Memorial Highway,Other,On,5772.81864780032,El Paso
212,SH0036-KG,SH,36,KG,82.64,180.261,36th Division Memorial Highway,Minute Order,Memorial Highway,Other,On,184959.696645451,Comanche
213,US0067-KG,US,67,KG,438.725,439.101,Robert A Junell Overpass,Local,Memorial Highway,Local,On,710.945442547695,Presidio
214,IH0610-KG,IH,610,KG,11.62,12.951,Jefferson Davis National Highway,Minute Order,Memorial Highway,Other,On,2481.43618986534,Harris
215,US0287-KG,US,287,KG,487.569,488.562,Congressman Joe Barton Parkway,Local,Memorial Highway,Local,On,1896.05249770097,Ellis
216,US0190-KG,US,190,KG,322.062,323.745,Staff Sgt Felix Conde-Falcon Memorial Highway,Local,Memorial Highway,Local,On,3168.35176938823,Milam
217,US0084-KG,US,84,KG,412.27,420.708,Blue Star Memorial Highways,Local,Memorial Highway,Local,On,15948.0734778585,Freestone
218,US0082-KG,US,82,KG,411.861,414.098,Deputy Chad Key Memorial Highway,Local,Memorial Highway,Local,On,4329.36417744974,Lamar
219,US0077-KG,US,77,KG,162.147,171.025,CPL William T Warford III Memorial Highway,Local,Memorial Highway,Local,On,16778.5827197011,Kenedy
220,US0077-KG,US,77,KG,174.596,184.431,2nd Lieutenant Darryn D Andrews Memorial Highway,Local,Memorial Highway,Local,On,18564.1828312376,Kenedy
221,SH0021-KG,SH,21,KG,189.725,249.153,Memorial to Daughters & Sons of the Rep. of Texas,Minute Order,Memorial Highway,Other,On,112558.837514177,Nacogdoches
222,US0077-KG,US,77,KG,244.97,277.833,Fayette County Veterans Memorial Highway,Local,Memorial Highway,Local,On,61324.5498497712,Kenedy
223,US0077-KG,US,77,KG,277.929,314.644,Lavaca County Veterans Memorial Highway,Local,Memorial Highway,Local,On,68205.098989085,Kenedy
224,IH0010-KG,IH,10,KG,853.778,879.499,Jefferson Davis National Highway,Minute Order,Memorial Highway,Other,On,47929.7831033875,Hudspeth
225,US0077-KG,US,77,KG,346.219,359.879,Victoria County Veterans Memorial Highway,Local,Memorial Highway,Local,On,25176.6957510298,Kenedy
226,US0077-KG,US,77,KG,255.149,258.547,Dr Martin Luther King Jr Memorial Highway,Local,Memorial Highway,Local,On,6343.16308227418,Kenedy
227,US0077-KG,US,77,KG,315.97,342.698,Victoria County Veterans Memorial Highway,Local,Memorial Highway,Local,On,49396.7138075402,Kenedy
228,US0380-KG,US,380,KG,340.093,343.486,James Poncho Bennett Memorial Highway,Local,Memorial Highway,Local,On,6537.91392245556,Wise
229,SH0036-KG,SH,36,KG,276.811,334.33,36th Division Memorial Highway,Minute Order,Memorial Highway,Other,On,107089.759226208,Comanche
230,SL0335-KG,SL,335,KG,0.0,0.0,Veterans Highway,Local,Memorial Highway,Local,On,,Unknown
231,SH0021-KG,SH,21,KG,250.392,313.036,Memorial to Daughters & Sons of the Rep. of Texas,Minute Order,Memorial Highway,Other,On,118508.737443356,Nacogdoches
232,SL0375-KG,SL,375,KG,1.075,3.428,Elizabeth F Hernandez Memorial Hike and Bike Trail,Local,Memorial Highway,Local,On,4466.21362880463,El Paso
233,IH0035-KG,IH,35,KG,152.998,238.043,Jefferson Davis National Highway,Minute Order,Memorial Highway,Other,On,158361.90775969,Bexar
234,IH0010-KG,IH,10,KG,0.0,139.765,Jefferson Davis National Highway,Minute Order,Memorial Highway,Other,On,264352.501670546,Hudspeth
235,SH0095-KG,SH,95,KG,117.249,126.202,Sergeant David M Furrh Memorial Hwy,STATE,Memorial Highway,State,On,16650.1897206893,Bastrop
236,IH0037-KG,IH,37,KG,17.332,143.004,Purple Heart Trail,STATE,Memorial Highway,State,On,231394.042196922,Atascosa
237,FM0666-KG,FM,666,KG,14.122,20.459,Kollyn Barton Memorial Highway,STATE,Memorial Highway,State,On,11589.5899746308,Nueces
238,IH0010-KG,IH,10,KG,0.0,13.714,Blue Star Memorial Highways,Minute Order US85-Concurrency,Memorial Highway,Other,On,26143.0582467341,Hudspeth
239,IH0010-KG,IH,10,KG,260.828,272.637,Blue Star Memorial Highways,Minute Order US385-Concurrency,Memorial Highway,Other,On,22174.0300714262,Hudspeth
240,US0062-KG,US,62,KG,153.243,194.934,Blue Star Memorial Highways,Minute Order US385 - Concurrency,Memorial Highway,Other,On,80264.9985405145,Gaines
241,US0067-KG,US,67,KG,556.423,588.176,Blue Star Memorial Highways,Minute Order US385 - Concurrency,Memorial Highway,Other,On,59800.7549604958,Presidio
242,US0087-KG,US,87,KG,36.6,51.709,Blue Star Memorial Highways,Minute Order US385,Memorial Highway,Other,On,30075.5120782414,Tom Green
243,IH0035E-KG,IH,35,KG,0.0,93.448,Blue Star Memorial Highways,Minute Order - Concurrent US77,Memorial Highway,Other,On,179333.33017215,Dallas
244,IH0035-KG,IH,35,KG,470.508,503.4,Blue Star Memorial Highways,Minute Order - Concurrent US77,Memorial Highway,Other,On,63782.1052396026,Bexar
245,IH0069-KG,IH,69,KG,35.257,74.679,Blue Star Memorial Highways,Minute Order - Concurrent US59,Memorial Highway,Other,On,73658.8614733865,Harris
246,US0271-KG,US,271,KG,16.819,109.098,Blue Star Memorial Highways,Minute Order,Memorial Highway,Other,On,178100.298974087,Lamar
247,US0059-KG,US,59,KG,13.103,263.472,Blue Star Memorial Highways,Minute Order,Memorial Highway,Other,On,476689.348097091,Webb
248,US0067-KG,US,67,KG,658.914,693.297,Jefferson Davis National Highway,Minute Order,Memorial Highway,Other,On,64240.2244907854,Presidio
249,US0190-KG,US,190,KG,343.953,352.78,36th Division Memorial Highway,Minute Order,Memorial Highway,Other,On,16615.6969230483,Milam
250,US0385-KG,US,385,KG,0.0,30.611,Blue Star Memorial Highways,Minute Order,Memorial Highway,Other,On,61181.4732844595,Crane
251,US0385-KG,US,385,KG,284.099,399.342,Blue Star Memorial Highways,Minute Order,Memorial Highway,Other,On,219692.588550962,Crane
252,US0385-KG,US,385,KG,46.004,242.223,Blue Star Memorial Highways,Minute Order,Memorial Highway,Other,On,384760.445605167,Crane
253,US0385-KG,US,385,KG,444.561,501.063,Blue Star Memorial Highways,Minute Order,Memorial Highway,Other,On,106075.474620791,Crane
254,US0385-KG,US,385,KG,502.063,541.542,Blue Star Memorial Highways,Minute Order,Memorial Highway,Other,On,73711.7863559414,Crane
255,US0271-KG,US,271,KG,126.595,134.557,Blue Star Memorial Highways,Minute Order,Memorial Highway,Other,On,15221.2118920734,Lamar
256,US0090-KG,US,90,KG,658.658,734.097,Jefferson Davis National Highway,Minute Order,Memorial Highway,Other,On,140457.646223742,Terrell
257,US0090-KG,US,90,KG,0.0,73.397,Jefferson Davis National Highway,Minute Order,Memorial Highway,Other,On,137778.321389818,Terrell
258,US0077-KG,US,77,KG,346.291,417.679,Blue Star Memorial Highways,Minute Order,Memorial Highway,Other,On,130949.201825007,Kenedy
259,US0077-KG,US,77,KG,428.15,518.239,Blue Star Memorial Highways,Minute Order,Memorial Highway,Other,On,163598.981343089,Kenedy
260,US0377-KG,US,377,KG,55.652,89.393,Blue Star Memorial Highways,Minute Order,Memorial Highway,Other,On,65029.4631819596,Denton
261,US0090-KG,US,90,KG,107.731,453.624,Jefferson Davis National Highway,Minute Order,Memorial Highway,Other,On,641964.830527032,Terrell
262,US0087-KG,US,87,KG,358.662,359.664,Veterans of Foreign Wars Memorial Highway,Minute Order,Memorial Highway,Other,On,1913.8566464392,Tom Green
263,US0087-KG,US,87,KG,359.671,609.111,Veterans of Foreign Wars Memorial Highway,Minute Order,Memorial Highway,Other,On,470959.956048176,Tom Green
264,US0087-KG,US,87,KG,247.865,347.975,Veterans of Foreign Wars Memorial Highway,Minute Order,Memorial Highway,Other,On,192641.619097539,Tom Green
265,US0290-KG,US,290,KG,125.114,207.785,Jefferson Davis National Highway,Minute Order,Memorial Highway,Other,On,154276.273445063,Gillespie
266,US0290-KG,US,290,KG,207.803,274.374,Jefferson Davis National Highway,Minute Order,Memorial Highway,Other,On,124015.887317864,Gillespie
267,US0085-KG,US,85,KG,0.017,5.476,Blue Star Memorial Highways,Minute Order,Memorial Highway,Other,On,10376.0143345453,El Paso
268,US0287-KG,US,287,KG,568.441,585.059,Blue Star Memorial Highways,Minute Order,Memorial Highway,Other,On,31564.3085978914,Ellis
269,US0287-KG,US,287,KG,443.382,493.639,Blue Star Memorial Highways,Minute Order,Memorial Highway,Other,On,96117.7902811236,Ellis
270,US0287-KG,US,287,KG,512.106,567.262,Blue Star Memorial Highways,Minute Order,Memorial Highway,Other,On,104839.299052392,Ellis
271,US0079-KG,US,79,KG,219.63,220.942,The 36th Division Memorial Highway,Minute Order,Memorial Highway,Other,On,2460.45198276066,Williamson
272,US0190-KG,US,190,KG,308.197,340.173,36th Division Memorial Highway,Minute Order,Memorial Highway,Other,On,60187.3085870987,Milam
273,US0087-KG,US,87,KG,0.017,122.157,Veterans of Foreign Wars Memorial Highway,Minute Order,Memorial Highway,Other,On,242572.079099952,Tom Green
274,US0077-KG,US,77,KG,187.051,190.559,The 36th Division Memorial Highway,Minute Order,Memorial Highway,Other,On,6597.26243186634,Kenedy
275,SH0087-KG,SH,87,KG,252.313,254.848,George Sealy Memorial Drive,Minute Order,Memorial Highway,Other,On,4705.57604163091,Galveston
276,SHOSR-KG,SH,0,KG,0.076,61.882,Memorial to Daughters & Sons of the Rep. of Texas,Minute Order,Memorial Highway,Other,On,116357.882074498,Madison
277,SH0079-KG,SH,79,KG,0.0,27.916,El Camino East/West Corridor,Minute Order,Memorial Highway,Other,On,54291.6735538541,Clay
278,SH0021-KG,SH,21,KG,0.019,106.38,Memorial to Daughters & Sons of the Rep. of Texas,Minute Order,Memorial Highway,Other,On,198674.904084567,Nacogdoches
279,SH0036-KG,SH,36,KG,0.004,80.796,36th Division Memorial Highway,Minute Order,Memorial Highway,Other,On,153976.887057864,Comanche
280,SH0173-KG,SH,173,KG,0.0,23.936,173D Airborne Brigade Memorial Highway,STATE 225.0274,Memorial Highway,State,On,44649.8007143006,Medina
281,SH0095-KG,SH,95,KG,53.524,69.621,10th Mountain Division Highway,STATE 225.027,Memorial Highway,State,On,30153.7137760178,Bastrop
282,SH0071-KG,SH,71,KG,123.506,146.05,10th Mountain Division Highway,STATE 225.027,Memorial Highway,State,On,42061.0101205596,Fayette
283,FM0390-KG,FM,390,KG,0.0,29.556,Scenic Highway,STATE 225.026,Memorial Highway,State,On,55249.787110491,Washington
284,US0059-KG,US,59,KG,338.141,610.952,Senator Lloyd Bentsen Highway,STATE 225.025,Memorial Highway,State,On,500568.131063313,Webb
285,IH0069-KG,IH,69,KG,0.0,34.99,Senator Lloyd Bentsen Highway,STATE 225.025,Memorial Highway,State,On,64936.3606637832,Harris
286,TL0008-KG,,8,KG,0.0,87.826,Sam Houston Parkway,STATE 225.024,Memorial Highway,State,On,164870.424561462,Harris
287,SH0288-KG,SH,288,KG,11.451,59.866,Nolan Ryan Expressway,STATE 225.023,Memorial Highway,State,On,89772.5518024793,Brazoria
288,IH0069E-KG,IH,69,KG,14.935,51.294,Purple Heart Trail,STATE 225.0225 - Concurrent IH77,Memorial Highway,State,On,65379.7982211095,Cameron
289,IH0069E-KG,IH,69,KG,52.893,58.966,Purple Heart Trail,STATE 225.0225 - Concurrent IH77,Memorial Highway,State,On,11096.9437605266,Cameron
290,SH0100-KG,SH,100,KG,0.081,24.671,Purple Heart Trail,STATE 225.0225,Memorial Highway,State,On,43975.6526414761,Cameron
291,PR0100-KG,PR,100,KG,0.0,11.584,Purple Heart Trail,STATE 225.0225,Memorial Highway,State,On,20830.6205258902,Cameron
292,IH0035-KG,IH,35,KG,466.7,503.415,Purple Heart Trail,STATE 225.0225,Memorial Highway,State,On,71172.5321165452,Bexar
293,IH0035-KG,IH,35,KG,0.0,370.035,Purple Heart Trail,STATE 225.0225,Memorial Highway,State,On,689490.251141359,Bexar
294,IH0040-KG,IH,40,KG,0.0,177.141,Purple Heart Trail,STATE 225.0225,Memorial Highway,State,On,348515.418377879,Oldham
295,IH0035E-KG,IH,35,KG,0.199,96.281,Purple Heart Trail,STATE 225.0225,Memorial Highway,State,On,184409.103251548,Dallas
296,BU0083S-KG,BU,83,KG,0.0,45.885,Texas Vietnam Veterans Memorial Highway,STATE 225.0225,Memorial Highway,State,On,82129.7065775435,Hidalgo
297,US0083-KG,US,83,KG,461.128,669.724,Texas Vietnam Veterans Memorial Highway,STATE 225.022,Memorial Highway,State,On,386103.402209359,Webb
298,US0083-KG,US,83,KG,189.972,366.947,Texas Vietnam Veterans Memorial Highway,STATE 225.022,Memorial Highway,State,On,340616.794065258,Webb
299,US0083-KG,US,83,KG,368.001,455.466,Texas Vietnam Veterans Memorial Highway,STATE 225.022,Memorial Highway,State,On,165394.758052271,Webb
300,US0083-KG,US,83,KG,60.506,142.435,Texas Vietnam Veterans Memorial Highway,STATE 225.022,Memorial Highway,State,On,161878.907275586,Webb
301,US0083-KG,US,83,KG,0.0,50.882,Texas Vietnam Veterans Memorial Highway,STATE 225.022,Memorial Highway,State,On,101454.49931306,Webb
302,US0062-KG,US,62,KG,345.98,392.969,Texas Vietnam Veterans Memorial Highway,STATE 225.022,Memorial Highway,State,On,91959.2349239912,Gaines
303,US0083-KG,US,83,KG,688.389,819.493,Texas Vietnam Veterans Memorial Highway,STATE 225.022,Memorial Highway,State,On,236678.699132842,Webb
304,US0380-KG,US,380,KG,280.324,290.539,Henry H King Memorial Highway,STATE 225.---,Memorial Highway,State,On,19660.9290258641,Wise
305,US0084-KG,US,84,KG,93.28,132.497,Trooper Jonathan Thomas McDonald Memorial Highway,STATE 225.---,Memorial Highway,State,On,75596.1979847186,Freestone
306,UA0090-KG,UA,90,KG,53.954,63.657,Sheriff Ronnie Dodds Memorial Hwy,STATE 225.---,Memorial Highway,State,On,17945.7597875089,Wharton
307,FM0649-KG,FM,649,KG,29.527,39.314,State Trooper David Lee Nevarez Memorial Highway,STATE 225.---,Memorial Highway,State,On,17745.1177521593,Jim Hogg
308,FM1462-KG,FM,1462,KG,20.162,32.056,Lieutenant Colonel Roy Lin Tisdale Mem Hwy,STATE 225.---,Memorial Highway,State,On,21998.7949080579,Brazoria
309,SL0079-KG,SL,79,KG,0.0,11.982,Judge Mike L Fernandez Loop,STATE 225---,Memorial Highway,State,On,22216.3541426426,Val Verde
310,SH0035-KG,SH,35,KG,0.0,7.618,John B. Coleman Memorial Highway,STATE 220.035,Memorial Highway,State,On,14182.7793204215,Brazoria
311,SH0016-KG,SH,16,KG,461.783,473.219,Al Dean Memorial Highway,STATE  225.123,Memorial Highway,State,On,20937.2943137951,Duval
312,US0080-KG,US,80,KG,91.856,119.097,Texas Historic Highway,STATE,Memorial Highway,State,On,52067.2258690692,Harrison
313,SH0071-KG,SH,71,KG,234.915,248.069,Roy P Benavidez Memorial Highway,STATE,Memorial Highway,State,On,24394.8453169291,Fayette
314,SH0103-KG,SH,103,KG,0.0,12.576,El Camino East/West Corridor,STATE 225.0401,Memorial Highway,State,On,23746.0922679535,Angelina
315,SH0007-KG,SH,7,KG,112.303,142.797,El Camino East/West Corridor,STATE 225.0401,Memorial Highway,State,On,57567.3642779186,Houston
316,IH0010-KG,IH,10,KG,61.774,476.697,El Camino East/West Corridor,STATE 225.0401,Memorial Highway,State,On,779351.197474421,Hudspeth
317,IH0010-KG,IH,10,KG,0.0,18.646,El Camino Real de Tierra Adentro,STATE 225.0401,Memorial Highway,State,On,35520.4501464778,Hudspeth
318,US0385-KG,US,385,KG,348.772,399.276,La Entrada al Pacifico Corridor,STATE 225.040,Memorial Highway,State,On,95803.0899638965,Crane
319,US0090-KG,US,90,KG,107.72,130.039,La Entrada al Pacifico Corridor,STATE 225.040,Memorial Highway,State,On,41700.4695435335,Terrell
320,SH0349-KG,SH,349,KG,0.0,64.747,La Entrada al Pacifico Corridor,STATE 225.040,Memorial Highway,State,On,123823.329473645,Midland
321,SH0349-KG,SH,349,KG,74.757,126.998,La Entrada al Pacifico Corridor,STATE 225.040,Memorial Highway,State,On,99287.7980461965,Midland
322,SH0349-KG,SH,349,KG,153.782,167.071,La Entrada al Pacifico Corridor,STATE 225.040,Memorial Highway,State,On,25041.6610748923,Midland
323,SH0349-KG,SH,349,KG,131.094,149.28,La Entrada al Pacifico Corridor,STATE 225.040,Memorial Highway,State,On,34365.0837814737,Midland
324,IH0020-KG,IH,20,KG,116.565,126.68,La Entrada al Pacifico Corridor,STATE 225.040,Memorial Highway,State,On,19218.7508732024,Howard
325,FM1788-KG,FM,1788,KG,0.0,54.209,La Entrada al Pacifico Corridor,STATE 225.040,Memorial Highway,State,On,103781.027302018,Andrews
326,SH0123-KG,SH,123,KG,19.191,21.396,Senator John Traeger Memorial Highway,STATE 225.0395,Memorial Highway,State,On,4099.05452998377,Guadalupe
327,US0281-KG,US,281,KG,345.232,357.673,Congressman Frank M. Tejeda Memorial Highway,STATE 225.039,Memorial Highway,State,On,23076.1412774149,Jim Wells
328,SS0408-KG,SS,408,KG,0.0,4.226,Patriot Parkway,STATE 225.038,Memorial Highway,State,On,8119.51126077401,Dallas
329,US0087-KG,US,87,KG,661.138,670.146,"The Bishop Ernest T. Dixon, Jr., Memorial Parkway",STATE 225.037,Memorial Highway,State,On,16655.2157289956,Tom Green
330,SH0035-KG,SH,35,KG,7.617,114.955,Stephen F. Austin Memorial Highway,STATE 225.036,Memorial Highway,State,On,198267.160640206,Brazoria
331,SH0359-KG,SH,359,KG,0.0,53.065,Veterans of the Korean War Memorial Highway,STATE 225.0341,Memorial Highway,State,On,96240.8777995531,Webb
332,SH0016-KG,SH,16,KG,514.203,514.998,Veterans of the Korean War Memorial Highway,STATE 225.0341,Memorial Highway,State,On,1447.44926563706,Duval
333,US0190-KG,US,190,KG,373.479,392.826,Texas Korean War Veterans Memorial Highway,STATE 225.034,Memorial Highway,State,On,36371.2060637779,Milam
334,US0180-KG,US,180,KG,182.527,200.941,Texas Korean War Veterans Memorial Highway,STATE 225.034,Memorial Highway,State,On,35275.1939311163,Shackelford
335,SH0006-KG,SH,6,KG,402.303,449.712,Texas Korean War Veterans Memorial Highway,STATE 225.034,Memorial Highway,State,On,88908.7340439781,Eastland
336,SH0006-KG,SH,6,KG,176.969,245.737,Texas Korean War Veterans Memorial Highway,STATE 225.034,Memorial Highway,State,On,131100.474026728,Eastland
337,SH0006-KG,SH,6,KG,143.264,176.842,Texas Korean War Veterans Memorial Highway,STATE 225.034,Memorial Highway,State,On,64342.6166992426,Eastland
338,SH0006-KG,SH,6,KG,249.94,380.776,Texas Korean War Veterans Memorial Highway,STATE 225.034,Memorial Highway,State,On,247934.442726239,Eastland
339,SH0006-KG,SH,6,KG,481.189,551.045,Texas Korean War Veterans Memorial Highway,STATE 225.034,Memorial Highway,State,On,129630.542690322,Eastland
340,SH0006-KG,SH,6,KG,0.0,124.838,Texas Korean War Veterans Memorial Highway,STATE 225.034,Memorial Highway,State,On,242078.064955881,Eastland
341,US0075-KG,US,75,KG,70.132,73.311,George W Bush Expressway,STATE 225.0331,Memorial Highway,State,On,6118.03530724446,Collin
342,TL0161-KG,,161,KG,0.0,40.049,President George Bush Highway,STATE 225.033,Memorial Highway,State,On,77021.3182681654,Dallas
343,US0175-KG,US,175,KG,0.0,1.971,S. M. Wright Freeway,STATE 225.032,Memorial Highway,State,On,3784.54596305493,Kaufman
344,SH0310-KG,SH,310,KG,0.0,3.232,S. M. Wright Freeway,STATE 225.032,Memorial Highway,State,On,6214.44752173681,Dallas
345,FM1929-KG,FM,1929,KG,15.145,40.75,"Ray C. Stoker, Jr. Highway",STATE 225.031,Memorial Highway,State,On,48465.8769070956,Concho
346,FM0503-KG,FM,503,KG,9.197,23.27,"Ray C. Stoker, Jr. Highway",STATE 225.031,Memorial Highway,State,On,26759.7648936585,Coleman
347,US0290-KG,US,290,KG,167.616,183.532,Henry G. Lehman Highway,STATE 225.030,Memorial Highway,State,On,29671.4311209601,Gillespie
348,US0290-KG,US,290,KG,125.101,144.499,Presidential Corridor,STATE 225.029,Memorial Highway,State,On,36221.4877257241,Gillespie
349,SH0021-KG,SH,21,KG,55.275,116.283,Presidential Corridor,STATE 225.029,Memorial Highway,State,On,114242.974438469,Nacogdoches
350,IH0002-KG,IH,2,KG,4.292,7.651,WWII Veterans 349th Regiment 88th ID,STATE 225.0286,Memorial Highway,State,On,6019.80143629329,Hidalgo
351,US0080-KG,US,80,KG,0.0,152.093,World War II Veterans Memorial Highway,STATE 225.0285,Memorial Highway,State,On,290984.243809016,Harrison
352,US0080-KG,US,80,KG,156.803,159.549,World War II Veterans Memorial Highway,STATE 225.0285,Memorial Highway,State,On,5248.49034693858,Harrison
353,IH0020-KG,IH,20,KG,0.017,423.715,World War II Veterans Memorial Highway,STATE 225.0285,Memorial Highway,State,On,806808.228328994,Howard
354,IH0030-KG,IH,30,KG,0.0,53.507,World War II Veterans Memorial Highway,STATE 225.0285,Memorial Highway,State,On,102483.217372031,Tarrant
355,IH0010-KG,IH,10,KG,0.0,186.578,World War II Veterans Memorial Highway,STATE 225.0285,Memorial Highway,State,On,352419.297166477,Hudspeth
356,US0290-KG,US,290,KG,0.0,39.91,Pearl Harbor Memorial Highway,STATE 225.028,Memorial Highway,State,On,74491.465721326,Gillespie
357,US0290-KG,US,290,KG,41.744,71.647,Pearl Harbor Memorial Highway,STATE 225.028,Memorial Highway,State,On,55808.5292843694,Gillespie
358,SH0071-KG,SH,71,KG,154.248,206.406,95TH Division Memorial Highway,STATE 225.0277,Memorial Highway,State,On,97119.7540958865,Fayette
359,FM1535-KG,FM,1535,KG,0.0,8.066,Second Indian Head Division Memorial Highway,STATE 225.0276,Memorial Highway,State,On,14997.0657462411,Bexar
360,IH0010-KG,IH,10,KG,580.076,590.724,90TH Infantry Division Highway,STATE 225.0275,Memorial Highway,State,On,19712.7471957772,Hudspeth
361,US0067-KG,US,67,KG,611.827,752.971,La Entrada al Pacifico Corridor,STATE 225.040,Memorial Highway,State,On,264065.67349548,Presidio
362,IH0035-KG,IH,35,KG,0.0,18.235,Ports-to-Plains Corridor,STATE 225.069,Memorial Highway,State,On,33314.3269141332,Bexar
363,US0281-KG,US,281,KG,214.647,331.281,American Legion Memorial Highway,STATE 225.062,Memorial Highway,State,On,218528.983962683,Jim Wells
364,US0281-KG,US,281,KG,406.401,553.257,American Legion Memorial Highway,STATE 225.062,Memorial Highway,State,On,267623.284833009,Jim Wells
365,US0281-KG,US,281,KG,0.0,212.45,American Legion Memorial Highway,STATE 225.062,Memorial Highway,State,On,407524.866593256,Jim Wells
366,US0281-KG,US,281,KG,345.232,375.753,American Legion Memorial Highway,STATE 225.062,Memorial Highway,State,On,56515.4922892248,Jim Wells
367,US0281-KG,US,281,KG,570.777,626.547,American Legion Memorial Highway,STATE 225.062,Memorial Highway,State,On,99820.7774872341,Jim Wells
368,US0287-KG,US,287,KG,433.154,439.947,"Dr. Martin Luther King, Jr. ,Freeway",STATE 225.066,Memorial Highway,State,On,13034.2390755979,Ellis
369,SH0285-KG,SH,285,KG,0.0,35.235,Veterans of the Korean War Memorial Highway,STATE 225.062,Memorial Highway,State,On,63763.8919876515,Brooks
370,IH0069C-KG,IH,69,KG,0.0,17.457,American Legion Memorial Highway,STATE 225.062,Memorial Highway,State,On,31438.1091024441,Hidalgo
371,IH0027-KG,IH,27,KG,0.958,124.005,Marshall Formby Memorial Highway,STATE 225.060,Memorial Highway,State,On,240772.123054468,Hale
372,US0290-KG,US,290,KG,239.594,274.374,Ronald Reagan Memorial Highway,STATE 225.059,Memorial Highway,State,On,64767.8462034706,Gillespie
373,IH0020-KG,IH,20,KG,485.244,634.479,Ronald Reagan Memorial Highway,STATE 225.059,Memorial Highway,State,On,285213.165178319,Howard
374,IH0020-KG,IH,20,KG,422.728,456.795,Ronald Reagan Memorial Highway,STATE 225.059,Memorial Highway,State,On,65216.9062959927,Howard
375,PR0100-KG,PR,100,KG,11.584,13.933,Queen Isabella Memorial Bridge,STATE 225.057,Memorial Highway,State,On,4202.20277145544,Cameron
376,IH0027-KG,IH,27,KG,0.0,124.182,Ports-to-Plains Corridor,STATE 225.069,Memorial Highway,State,On,242979.287516243,Hale
377,SHNASA-KG,SH,0,KG,0.0,7.978,NASA Parkway,STATE 225.056,Memorial Highway,State,On,14797.3233492282,Harris
378,FM0528-KG,FM,528,KG,1.79,9.415,NASA Parkway,STATE 225.056,Memorial Highway,State,On,14142.6843035602,Galveston
379,US0287-KG,US,287,KG,105.156,109.088,"L. P. """"Pete"""" Gilvin Memorial Highway",STATE 225.055,Memorial Highway,State,On,7737.13998063646,Ellis
380,IH0030-KG,IH,30,KG,14.928,45.401,Tom Landry Highway,STATE 225.054,Memorial Highway,State,On,58359.9843150604,Tarrant
381,US0259-KG,US,259,KG,98.514,105.657,Charles K. Devall Memorial Highway,STATE 225.053,Memorial Highway,State,On,13672.4224044057,Nacogdoches
382,US0069-KG,US,69,KG,222.108,324.299,Big Thicket National Preserve Parkway,STATE 225.052,Memorial Highway,State,On,192275.406322262,Tyler
383,SL0375-KG,SL,375,KG,32.961,48.994,Cesar Chavez Border Highway,STATE 225.051,Memorial Highway,State,On,30428.1846616362,El Paso
384,FM0528-KG,FM,528,KG,1.804,8.757,Ralph L. Lowe Parkway,STATE 225.050,Memorial Highway,State,On,12898.6437219752,Galveston
385,SH0349-KG,SH,349,KG,0.0,64.924,Ports-to-Plains Corridor,STATE 225.069,Memorial Highway,State,On,124160.71308468,Midland
386,SH0195-KG,SH,195,KG,0.0,34.641,Phantom Warriors Highway,STATE 225.049,Memorial Highway,State,On,65294.5789651209,Williamson
387,PR1836A-KG,PR,1836,KG,0.0,1.208,Juan N. Seguin Boulevard,STATE 225.047,Memorial Highway,State,On,2251.25593084584,Harris
388,BU0087M-KG,BU,87,KG,0.0,5.438,Ports-to-Plains Corridor,STATE 225.069,Memorial Highway,State,On,10398.7694805105,Howard
389,SH0225-KG,SH,225,KG,0.0,15.787,Texas Independence Highway,STATE 225.046,Memorial Highway,State,On,29289.8094672058,Harris
390,FM0457-KG,FM,457,KG,0.0,27.741,"Sergeant Joe Parks, Jr. Memorial Highway",STATE 225.045,Memorial Highway,State,On,51136.6784232203,Matagorda
391,FM0604-KG,FM,604,KG,0.0,51.096,Atlas ICBM Highway,STATE 225.044,Memorial Highway,State,On,97612.4659056129,Callahan
392,SH0037-KG,SH,37,KG,53.25,69.504,Tom Ramsay Highway,STATE 225.067,Memorial Highway,State,On,31374.5613116015,Franklin
393,SH0044-KG,SH,44,KG,92.29,121.631,Cesar Chavez Memorial HIghway,STATE 225.043,Memorial Highway,State,On,53383.2142097593,Nueces
394,SH0044-KG,SH,44,KG,122.083,133.606,Cesar Chavez Memorial HIghway,STATE 225.043,Memorial Highway,State,On,20956.4995449022,Nueces
395,US0083-KG,US,83,KG,317.179,317.778,Sam Waldrop Highway Interchange,STATE 225.042,Memorial Highway,State,On,1147.25744844672,Webb
396,SL0322-KG,SL,322,KG,6.538,7.171,Sam Waldrop Highway Interchange,STATE 225.042,Memorial Highway,State,On,1208.7282023368,Taylor
397,FM1931-KG,FM,1931,KG,0.0,2.273,Flournoy Road,STATE 225.041,Memorial Highway,State,On,4153.06008876803,Jim Wells
398,SH0289-KG,SH,289,KG,0.0,70.656,Preston Trail Highway,STATE 225.0402,Memorial Highway,State,On,136809.680267825,Grayson
399,IH0020-KG,IH,20,KG,136.048,138.22,Port to Plains Highway,STATE 225.069,Memorial Highway,State,On,4123.46462259637,Howard
400,US0290-KG,US,290,KG,125.101,162.69,El Camino East/West Corridor,STATE 225.0401,Memorial Highway,State,On,70217.6378568337,Gillespie
401,US0190-KG,US,190,KG,404.582,405.375,El Camino East/West Corridor,STATE 225.0401,Memorial Highway,State,On,1493.01231343427,Milam
402,US0190-KG,US,190,KG,405.585,405.917,El Camino East/West Corridor,STATE 225.0401,Memorial Highway,State,On,625.853021372646,Milam
403,US0190-KG,US,190,KG,407.727,429.291,El Camino East/West Corridor,STATE 225.0401,Memorial Highway,State,On,40544.7081809585,Milam
404,IH0345-KG,IH,345,KG,0.0,1.427,Russell H. Perry Memorial Highway,STATE 225.065,Memorial Highway,State,On,2743.10336149459,Dallas
405,US0190-KG,US,190,KG,392.825,402.082,El Camino East/West Corridor,STATE 225.0401,Memorial Highway,State,On,17399.7345818265,Milam
406,US0190-KG,US,190,KG,406.853,406.972,El Camino East/West Corridor,STATE 225.0401,Memorial Highway,State,On,224.182644819204,Milam
407,US0190-KG,US,190,KG,402.34,402.521,El Camino East/West Corridor,STATE 225.0401,Memorial Highway,State,On,340.480383174789,Milam
408,SH0158-KG,SH,158,KG,43.948,106.566,Ports-to-Plains Corridor,STATE 225.069,Memorial Highway,State,On,118865.015396114,Glasscock
409,US0190-KG,US,190,KG,404.11,404.273,El Camino East/West Corridor,STATE 225.0401,Memorial Highway,State,On,306.602771735563,Milam
410,US0290-KG,US,290,KG,77.136,109.962,El Camino East/West Corridor,STATE 225.0401,Memorial Highway,State,On,61237.6682906288,Gillespie
411,US0290-KG,US,290,KG,110.12,117.196,El Camino East/West Corridor,STATE 225.0401,Memorial Highway,State,On,13202.5390904374,Gillespie
412,SH0037-KG,SH,37,KG,39.701,52.986,Tom Ramsay Highway,STATE 225.067,Memorial Highway,State,On,25697.6389815098,Franklin
413,US0290-KG,US,290,KG,0.061,39.936,El Camino East/West Corridor,STATE 225.0401,Memorial Highway,State,On,74424.204126191,Gillespie
414,US0290-KG,US,290,KG,41.85,71.647,El Camino East/West Corridor,STATE 225.0401,Memorial Highway,State,On,55610.341556568,Gillespie
415,SH0021-KG,SH,21,KG,300.592,313.036,El Camino East/West Corridor,STATE 225.0401,Memorial Highway,State,On,23530.6011771561,Nacogdoches
416,SH0021-KG,SH,21,KG,153.179,188.059,El Camino East/West Corridor,STATE 225.0401,Memorial Highway,State,On,65820.52205825,Nacogdoches
417,SH0021-KG,SH,21,KG,106.38,116.283,El Camino East/West Corridor,STATE 225.0401,Memorial Highway,State,On,18567.0862288968,Nacogdoches
418,SH0103-KG,SH,103,KG,15.546,65.71,El Camino East/West Corridor,STATE 225.0401,Memorial Highway,State,On,94704.4658322995,Angelina
419,FM2065-KG,FM,2065,KG,0.0,1.358,"Staff Sergeant Herbert S. Robertson, Jr.",STATE 225.063,Memorial Highway,State,On,2626.70234616545,Cass
420,SS0366-KG,SS,366,KG,0.181,0.484,Margaret Hunt Hill Bridge,STATE 225.064,Memorial Highway,State,On,580.849786408829,Dallas
421,FM2004-KG,FM,2004,KG,0.0,46.855,Jason Oliff Memorial Highway,STATE 225.068,Memorial Highway,State,On,86674.1735654575,Brazoria
422,US0290-KG,US,290,KG,98.416,104.449,Lieutenant Clay Crabb Memorial Highway,STATE 225.102,Memorial Highway,State,On,11257.8612595349,Gillespie
423,US0287-KG,US,287,KG,458.735,468.43,Chris Kyle Memorial Highway,STATE 225.102,Memorial Highway,State,On,18543.1071510711,Ellis
424,SL0223-KG,SL,223,KG,0.0,1.157,Captain Jesse Billingsley Memorial Loop,STATE 225.102,Memorial Highway,State,On,2164.02417463713,Bastrop
425,SH0191-KG,SH,191,KG,8.908,17.682,Sergeant Michael Naylor Memorial Highway,STATE 225.102,Memorial Highway,State,On,16692.112256031,Midland
426,BU0087M-KG,BU,87,KG,1.128,5.438,William B Crooker Memorial Highway,STATE 225.102,Memorial Highway,State,On,8244.1458169836,Howard
427,RE0255-KG,RE,255,KG,17.576,30.17,Sam Rayburn Parkway,STATE 225.101,Memorial Highway,State,On,23710.2353519899,Jasper
428,SH0358-KG,SH,358,KG,0.0,5.948,Peace Officers Memorial Highway,STATE 225.100,Memorial Highway,State,On,10855.0858291951,Nueces
429,IH0035-KG,IH,35,KG,207.22,212.478,Trooper Randy Vetter Memorial Highway,STATE 225.099,Memorial Highway,State,On,9817.76502465254,Bexar
430,US0083-KG,US,83,KG,804.186,808.692,Trooper Eduardo Chavez Memorial Highway,STATE 225.098,Memorial Highway,State,On,8083.52624667934,Webb
431,FM2348-KG,FM,2348,KG,3.102,11.559,Trooper Bobby Steve Booth Memorial Highway,STATE 225.097 - Should be between US67 and SH49,Memorial Highway,State,On,16308.6303598222,Titus
432,US0287-KG,US,287,KG,0.0,13.824,Trooper Bobby Steve Booth Memorial Highway,STATE 225.096,Memorial Highway,State,On,27640.3129286196,Ellis
433,US0175-KG,US,175,KG,17.805,52.949,Veterans Memorial Highway,STATE 225.095,Memorial Highway,State,On,67269.5016032107,Kaufman
434,IH0010-KG,IH,10,KG,22.491,33.89,Officer Angel David Garcia Memorial Highway,STATE 225.094,Memorial Highway,State,On,21632.8849032575,Hudspeth
435,US0080-KG,US,80,KG,94.915,104.693,Sergeant Travis E Watkins Memorial Highway,STATE 225.093,Memorial Highway,State,On,18696.6234603653,Harrison
436,US0281-KG,US,281,KG,489.009,490.661,Lt General Marc Cisneros Highway,STATE 225.092,Memorial Highway,State,On,3006.99545245617,Jim Wells
437,US0075-KG,US,75,KG,43.955,70.132,Sam Johnson Highway,STATE 225.091,Memorial Highway,State,On,50482.049126958,Collin
438,US0271-KG,US,271,KG,0.0,13.42,Sergeant Jay M. Hoskins Memorial Highway,STATE 225.090,Memorial Highway,State,On,26099.8740078733,Lamar
439,US0183-KG,US,183,KG,328.474,338.264,Cpl. Jason K. LaFleur Memorial Highway,STATE 225.089,Memorial Highway,State,On,18333.9603844139,Travis
440,US0183-KG,US,183,KG,349.947,355.008,Cpl. Jason K. LaFleur Memorial Highway,STATE 225.089,Memorial Highway,State,On,9447.89182741428,Travis
441,SS0482-KG,SS,482,KG,0.246,0.716,Irving Diamond Interchange,STATE 225.088,Memorial Highway,State,On,902.719896916125,Dallas
442,SL0012-KG,SL,12,KG,14.527,15.758,Irving Diamond Interchange,STATE 225.088,Memorial Highway,State,On,2369.18365651705,Dallas
443,SH0183-KG,SH,183,KG,39.347,40.51,Irving Diamond Interchange,STATE 225.088,Memorial Highway,State,On,2229.69997235871,Dallas
444,SH0114-KG,SH,114,KG,390.829,391.843,Irving Diamond Interchange,STATE 225.088,Memorial Highway,State,On,1951.07377230582,Wise
445,FM0907-KG,FM,907,KG,6.284,16.971,Rudy Villarreal Road,STATE 225.087,Memorial Highway,State,On,19221.1337885329,Hidalgo
446,US0080-KG,US,80,KG,5.219,9.728,Blue Star Memorial Highways,STATE 225.086,Memorial Highway,State,On,8640.19918211251,Harrison
447,SL0150-KG,SL,150,KG,0.376,0.608,"Chief Petty Officer Stephen """"Matt"""" Mills Bridge",STATE 225.085,Memorial Highway,State,On,432.466499947546,Bastrop
448,SL0499-KG,SL,499,KG,5.374,7.844,Colonel Bill Card Boulevard,STATE 225.084,Memorial Highway,State,On,4437.75618473903,Cameron
449,IH0010-KG,IH,10,KG,521.001,534.029,Trooper Kurt David Knapp Memorial Highway,STATE 225.083,Memorial Highway,State,On,24289.7755798898,Hudspeth
450,US0081-KG,US,81,KG,0.0,21.908,Corporal David Slaton Memorial Highway,STATE 225.082,Memorial Highway,State,On,42586.927483397,Montague
451,SH0243-KG,SH,243,KG,27.107,28.413,Veterans Memorial Parkway,STATE 225.082,Memorial Highway,State,On,2498.05335706347,Van Zandt
452,US0059-KG,US,59,KG,47.208,62.925,Trooper Scott Burns Memorial Highway,STATE 225.081,Memorial Highway,State,On,30285.4923420603,Webb
453,US0259-KG,US,259,KG,62.283,62.342,Trooper Todd Dylan Holmes Memorial Overpass,STATE 225.080,Memorial Highway,State,On,113.574046855366,Nacogdoches
454,IH0030-KG,IH,30,KG,89.767,98.592,"Martin Luther King, Jr. Freeway",STATE 225.079,Memorial Highway,State,On,16998.1755082881,Tarrant
455,SH0158-KG,SH,158,KG,174.09,179.59,Army Specialist William Justin Byler MH,STATE 225.078,Memorial Highway,State,On,10444.0112219245,Glasscock
456,FM1015-KG,FM,1015,KG,23.168,30.143,Bill Summers International Boulevard,STATE 225.077,Memorial Highway,State,On,12538.1041461002,Hidalgo
457,SH0286-KG,SH,286,KG,0.0,6.225,Dr. Hector P. Garcia Memorial Highway,STATE 225.076,Memorial Highway,State,On,11365.3906773342,Nueces
458,US0090-KG,US,90,KG,182.704,229.312,Honorable Stillman Dudley Harrison Highway,STATE 225.075,Memorial Highway,State,On,86812.9302582872,Terrell
459,SS0330-KG,SS,330,KG,0.0,5.917,Veterans Memorial Highway,STATE 225.0741,Memorial Highway,State,On,11004.9241595234,Harris
460,SL0534-KG,SL,534,KG,0.0,4.956,Veterans Highway,STATE 225.074,Memorial Highway,State,On,9258.96809315481,Kerr
461,SH0130-KG,SH,130,KG,0.0,86.231,Pickle Parkway,STATE 225.073,Memorial Highway,State,On,161255.336399906,Travis
462,SS0239-KG,SS,239,KG,0.0,2.166,"Sergio Gonzalez, Jr., Alfredo Gutierrez, Jr., M.D.",STATE 225.071,Memorial Highway,State,On,4012.94595506241,Val Verde
463,FM1301-KG,FM,1301,KG,0.0,15.856,Master Sergeant Mike C Pena Memorial Highway,STATE 225.103,Memorial Highway,State,On,29339.3339165742,Wharton
464,IH0030-KG,IH,30,KG,44.42,44.771,Margaret McDermott Bridge,STATE 225.070,Memorial Highway,State,On,672.425452701985,Tarrant
465,US0083-KG,US,83,KG,607.354,669.726,Ports-to-Plains Corridor,STATE 225.069,Memorial Highway,State,On,114382.977757344,Webb
466,US0277-KG,US,277,KG,393.789,448.651,Ports-to-Plains Corridor,STATE 225.069,Memorial Highway,State,On,101433.16233346,Val Verde
467,US0087-KG,US,87,KG,358.662,359.401,William B Crooker Memorial Highway,STATE 225.102,Memorial Highway,State,On,1411.82920750709,Tom Green
468,US0277-KG,US,277,KG,282.266,388.509,Ports-to-Plains Corridor,STATE 225.069,Memorial Highway,State,On,198801.565051155,Val Verde
469,US0277-KG,US,277,KG,242.342,281.742,Ports-to-Plains Corridor,STATE 225.069,Memorial Highway,State,On,74486.728299418,Val Verde
470,US0277-KG,US,277,KG,449.378,490.695,Ports-to-Plains Corridor,STATE 225.069,Memorial Highway,State,On,75860.262942386,Val Verde
471,US0287-KG,US,287,KG,0.0,47.972,Ports-to-Plains Corridor,STATE 225.069,Memorial Highway,State,On,95748.6578583436,Ellis
472,US0087-KG,US,87,KG,247.851,347.975,Ports-to-Plains Corridor,STATE 225.069,Memorial Highway,State,On,192668.73649079,Tom Green
473,US0087-KG,US,87,KG,359.671,445.144,Ports-to-Plains Corridor,STATE 225.069,Memorial Highway,State,On,162370.833689028,Tom Green
474,US0087-KG,US,87,KG,358.662,359.664,Ports-to-Plains Corridor,STATE 225.069,Memorial Highway,State,On,1913.8566464392,Tom Green
475,US0087-KG,US,87,KG,75.475,122.302,Ports-to-Plains Corridor,STATE 225.069,Memorial Highway,State,On,92771.3694195975,Tom Green
476,SH0087-KG,SH,87,KG,254.849,256.469,George Sealy Memorial Drive, ,Memorial Highway,Other,On,3007.85398264679,Galveston
477,IH0010-KG,IH,10,KG,534.113,543.86,PFC Milton A Lee Medal of Honor Memorial Highway,STATE H. R. 2559,Memorial Highway,State,On,18153.2112059584,Hudspeth
478,SH0173-KG,SH,173,KG,24.467,97.591,173D Airborne Brigade Memorial Highway,STATE 225.274,Memorial Highway,State,On,135438.240527869,Medina
479,SH0289-KG,SH,289,KG,68.644,70.656,Harold C Simmons Memorial Hightway,STATE 225.125,Memorial Highway,State,On,3875.54586264109,Grayson
480,US0271-KG,US,271,KG,70.614,82.956,Veterans Memorial Highway,STATE 225.123,Memorial Highway,State,On,23798.1712568437,Lamar
481,US0287-KG,US,287,KG,123.824,125.816,Charles H Roan Memorial Highway,STATE 225.123,Memorial Highway,State,On,3919.11013684355,Ellis
482,US0287-KG,US,287,KG,125.798,153.761,Colonel Charles Goodnight Memorial Highway,STATE 225.123,Memorial Highway,State,On,54956.3978563611,Ellis
483,US0059-KG,US,59,KG,408.394,410.409,State Trooper Bill Davidson Memorial Hwy,STATE 225.123,Memorial Highway,State,On,3711.20104757831,Webb
484,UA0090-KG,UA,90,KG,111.341,123.573,Johnnie David Hutchins Memorial Highway,STATE 225.123,Memorial Highway,State,On,22654.4118320324,Wharton
485,SH0352-KG,SH,352,KG,7.967,12.678,Staff Sergeant Jeremie S Border Memorial Hwy,STATE 225.123,Memorial Highway,State,On,9030.25433758805,Dallas
486,SH0360-KG,SH,360,KG,23.492,27.956,Senator Chris Harris Memorial Highway,STATE 225.123,Memorial Highway,State,On,8568.54901409564,Tarrant
487,SH0360-KG,SH,360,KG,19.035,23.479,Rosa Parks Memorial Parkway,STATE 225.123,Memorial Highway,State,On,8535.11688537422,Tarrant
488,SH0006-KG,SH,6,KG,173.188,173.415,Bedford-Carmichael Bridge,STATE 225.123,Memorial Highway,State,On,435.114816897543,Eastland
489,SH0123-KG,SH,123,KG,0.0,34.981,Texas Game Warden Teyran Patterson,STATE 225.123,Memorial Highway,State,On,65125.6194279909,Guadalupe
490,SH0031-KG,SH,31,KG,137.597,144.739,Jack Ward Memorial Highway,STATE 225.123,Memorial Highway,State,On,13630.1570164413,Gregg
491,IH0020-KG,IH,20,KG,79.489,81.542,Trooper Billy Jack Zachary Memorial Hwy,STATE 225.123,Memorial Highway,State,On,3886.51940767012,Howard
492,IH0035W-KG,IH,35,KG,35.314,50.642,Deputy Clifton Taylor Memorial Hwy,STATE 225.123,Memorial Highway,State,On,29454.5612093311,Tarrant
493,IH0045-KG,IH,45,KG,150.642,167.973,Sergeant Wade Daniel Wilson Memorial Hwy,STATE 225.123,Memorial Highway,State,On,32791.3840999498,Leon
494,FM0518-KG,FM,518,KG,0.0,10.632,Officer Endy Ekpanya Memorial Highway,STATE 225.123,Memorial Highway,State,On,19696.4467185094,Brazoria
495,SH0021-KG,SH,21,KG,254.508,269.049,Bob Luman Memorial Highway,STATE 225.111,Memorial Highway,State,On,27518.8355428862,Nacogdoches
496,SL0567-KG,SL,567,KG,0.0,6.426,Game Warden Michael C Pauling Memorial Highway,STATE 225.107,Memorial Highway,State,On,12302.2629868638,Hood
497,SS0063-KG,SS,63,KG,0.0,3.912,Texas Ranger Glenn Elliott Memorial Highway,STATE 225.106,Memorial Highway,State,On,7506.34218647887,Gregg
498,SH0016-KG,SH,16,KG,32.222,42.355,Joseph Marshall Evans Memorial Highway,STATE 225.106,Memorial Highway,State,On,19490.6546215628,Duval
499,SH0207-KG,SH,207,KG,123.558,136.046,William Hamblen Memorial Highway,STATE 225.106,Memorial Highway,State,On,24538.3638165048,Armstrong
500,SH0154-KG,SH,154,KG,24.206,34.786,Sgt Tanner Stone Higgins Memorial Highway,STATE 225.106,Memorial Highway,State,On,20410.3821600457,Hopkins
501,SH0151-KG,SH,151,KG,1.849,1.868,Specialist Dane Balcon Memorial Bridge,STATE 225.105,Memorial Highway,State,On,35.30587213696,Bexar
502,FM0624-KG,FM,624,KG,35.353,49.324,Game Warden James E Daughtrey Memorial Highway,STATE 225.105,Memorial Highway,State,On,25525.0406179089,McMullen
503,FM1293-KG,FM,1293,KG,0.0,20.43,Game Warden Wesley W Wagstaff Memorial Highway,STATE 225.105,Memorial Highway,State,On,38189.4414308535,Hardin
504,FM0685-KG,FM,685,KG,5.599,7.958,Deputy Jessica Hollis Memorial Highway,STATE 225.104,Memorial Highway,State,On,4426.92054349609,Travis
505,IH0030-KG,IH,30,KG,64.08,79.177,Congressman Ralph Hall Highway,STATE 225.103,Memorial Highway,State,On,28998.9894414177,Tarrant
506,IH0045-KG,IH,45,KG,2.379,4.417,George and Cynthia Mitchell Memorial Causeway,STATE 225.103,Memorial Highway,State,On,3769.93355118006,Leon
507,IH0037-KG,IH,37,KG,102.104,115.02,Trooper Terry Wayne Miller Memorial Highway,STATE 225.103,Memorial Highway,State,On,23877.3544863789,Atascosa
508,FM0423-KG,FM,423,KG,0.0,10.733,US Army Sergeant Enrique Mondragon,STATE 225.103,Memorial Highway,State,On,,Unknown
